{"fit_seconds": 123.510428, "predict_seconds": 14.928104}