{"fit_seconds": 122.812271, "predict_seconds": 14.915916}