{"fit_seconds": 122.472353, "predict_seconds": 0.299463}