{"fit_seconds": 122.78647, "predict_seconds": 14.873806}