{"fit_seconds": 123.056754, "predict_seconds": 0.514749}