{"fit_seconds": 123.279144, "predict_seconds": 0.254308}