{"fit_seconds": 123.535594, "predict_seconds": 0.193606}