{"fit_seconds": 123.123414, "predict_seconds": 0.121194}