{"fit_seconds": 123.196167, "predict_seconds": 0.08381}