{"fit_seconds": 123.837047, "predict_seconds": 13.230889}