{"fit_seconds": 122.881419, "predict_seconds": 14.190107}