{"fit_seconds": 123.045626, "predict_seconds": 0.190529}