{"fit_seconds": 123.036939, "predict_seconds": 0.198399}