{"fit_seconds": 123.143632, "predict_seconds": 0.196995}