{"fit_seconds": 123.702269, "predict_seconds": 1.368314}