{"fit_seconds": 122.789692, "predict_seconds": 1.577606}