{"fit_seconds": 123.418888, "predict_seconds": 2.661267}