{"fit_seconds": 123.606953, "predict_seconds": 1.232961}