{"fit_seconds": 122.772814, "predict_seconds": 0.104066}