{"fit_seconds": 122.686586, "predict_seconds": 0.395527}