{"fit_seconds": 122.612747, "predict_seconds": 0.973244}