{"fit_seconds": 123.127747, "predict_seconds": 0.17564}