{"fit_seconds": 122.578806, "predict_seconds": 1.261679}