{"fit_seconds": 123.534275, "predict_seconds": 1.469932}