{"fit_seconds": 123.110437, "predict_seconds": 0.192467}