{"fit_seconds": 122.474407, "predict_seconds": 13.730038}