{"fit_seconds": 122.761788, "predict_seconds": 0.139709}