{"fit_seconds": 123.265675, "predict_seconds": 0.151842}