{"fit_seconds": 122.951375, "predict_seconds": 0.938066}