{"fit_seconds": 122.802854, "predict_seconds": 0.172234}