{"fit_seconds": 123.429409, "predict_seconds": 0.84572}