{"fit_seconds": 122.652982, "predict_seconds": 1.426261}