{"fit_seconds": 123.438594, "predict_seconds": 0.463926}