{"fit_seconds": 123.316748, "predict_seconds": 0.387512}