{"fit_seconds": 122.982167, "predict_seconds": 0.206093}