{"fit_seconds": 123.755053, "predict_seconds": 0.190827}