{"fit_seconds": 122.677214, "predict_seconds": 0.182032}