{"fit_seconds": 123.194131, "predict_seconds": 0.918907}