{"fit_seconds": 123.488699, "predict_seconds": 0.144558}