{"fit_seconds": 123.652119, "predict_seconds": 0.244915}