{"fit_seconds": 123.382177, "predict_seconds": 0.128116}