{"fit_seconds": 122.688126, "predict_seconds": 0.728818}