{"fit_seconds": 123.090605, "predict_seconds": 1.341456}