{"fit_seconds": 123.315735, "predict_seconds": 1.143515}