{"fit_seconds": 122.652728, "predict_seconds": 1.092176}