{"fit_seconds": 122.321723, "predict_seconds": 0.378998}