{"fit_seconds": 122.860145, "predict_seconds": 1.157554}