{"fit_seconds": 123.537007, "predict_seconds": 1.913258}