{"fit_seconds": 122.812643, "predict_seconds": 0.163084}