{"fit_seconds": 122.656694, "predict_seconds": 0.799556}