{"fit_seconds": 122.609107, "predict_seconds": 0.118924}