{"fit_seconds": 123.133477, "predict_seconds": 0.52188}