{"fit_seconds": 123.841021, "predict_seconds": 0.151345}