{"fit_seconds": 122.989493, "predict_seconds": 1.007539}