{"fit_seconds": 122.433912, "predict_seconds": 1.50484}