{"fit_seconds": 123.12092, "predict_seconds": 0.137475}