{"fit_seconds": 122.91587, "predict_seconds": 0.335675}