{"fit_seconds": 123.05596, "predict_seconds": 1.341612}