{"fit_seconds": 122.388726, "predict_seconds": 14.108364}