{"fit_seconds": 122.681319, "predict_seconds": 1.792954}