{"fit_seconds": 120.745656, "predict_seconds": 0.588221}