{"fit_seconds": 122.987094, "predict_seconds": 0.342391}