{"fit_seconds": 123.372451, "predict_seconds": 0.495396}