{"fit_seconds": 123.033564, "predict_seconds": 0.103486}