{"fit_seconds": 122.895858, "predict_seconds": 0.14391}