{"fit_seconds": 122.864935, "predict_seconds": 11.461002}