{"fit_seconds": 122.893508, "predict_seconds": 0.167689}