{"fit_seconds": 123.358424, "predict_seconds": 0.977675}