{"fit_seconds": 123.511536, "predict_seconds": 0.117105}