{"fit_seconds": 122.707148, "predict_seconds": 1.625957}