{"fit_seconds": 123.607299, "predict_seconds": 0.11052}