{"fit_seconds": 123.42168, "predict_seconds": 0.162766}