{"fit_seconds": 122.713418, "predict_seconds": 0.156067}