{"fit_seconds": 123.049396, "predict_seconds": 1.164844}