{"fit_seconds": 122.678376, "predict_seconds": 8.409862}