{"fit_seconds": 120.622742, "predict_seconds": 0.329286}