{"fit_seconds": 123.285189, "predict_seconds": 1.344111}