{"fit_seconds": 122.483336, "predict_seconds": 1.245981}