{"fit_seconds": 123.341931, "predict_seconds": 0.400674}