{"fit_seconds": 123.11664, "predict_seconds": 0.155372}