{"fit_seconds": 122.911866, "predict_seconds": 0.140616}