{"fit_seconds": 122.740348, "predict_seconds": 1.956154}