{"fit_seconds": 123.313805, "predict_seconds": 14.722266}