{"fit_seconds": 122.75434, "predict_seconds": 0.205299}