{"fit_seconds": 122.934147, "predict_seconds": 1.040145}