{"fit_seconds": 122.986569, "predict_seconds": 0.423349}