{"fit_seconds": 122.598613, "predict_seconds": 0.137744}