{"fit_seconds": 123.274985, "predict_seconds": 0.301411}