{"fit_seconds": 123.165866, "predict_seconds": 11.372356}