{"fit_seconds": 122.56522, "predict_seconds": 11.584741}