{"fit_seconds": 123.178868, "predict_seconds": 0.630436}