{"fit_seconds": 120.697625, "predict_seconds": 0.417434}