{"fit_seconds": 123.272927, "predict_seconds": 13.312718}