{"fit_seconds": 123.234673, "predict_seconds": 0.948163}