{"fit_seconds": 122.646919, "predict_seconds": 1.388447}