{"fit_seconds": 123.068066, "predict_seconds": 0.455396}