{"fit_seconds": 122.297217, "predict_seconds": 0.112561}