{"fit_seconds": 123.742306, "predict_seconds": 0.144732}