{"fit_seconds": 123.937097, "predict_seconds": 0.189081}