{"fit_seconds": 123.238736, "predict_seconds": 0.472825}