{"fit_seconds": 123.399532, "predict_seconds": 0.151584}