{"fit_seconds": 123.889882, "predict_seconds": 0.904846}