{"fit_seconds": 123.195391, "predict_seconds": 0.138834}