{"fit_seconds": 122.810667, "predict_seconds": 0.124549}