{"fit_seconds": 122.642218, "predict_seconds": 14.201676}