{"fit_seconds": 123.314324, "predict_seconds": 0.33163}