{"fit_seconds": 123.650172, "predict_seconds": 0.169251}