{"fit_seconds": 123.424034, "predict_seconds": 0.17141}