{"fit_seconds": 123.058869, "predict_seconds": 10.609543}