{"fit_seconds": 123.242058, "predict_seconds": 1.021356}