{"fit_seconds": 123.871941, "predict_seconds": 14.47937}