{"fit_seconds": 122.778906, "predict_seconds": 0.400887}