{"fit_seconds": 122.854501, "predict_seconds": 0.404162}