{"fit_seconds": 120.594358, "predict_seconds": 14.321539}