{"fit_seconds": 123.082994, "predict_seconds": 1.441302}