{"fit_seconds": 123.671057, "predict_seconds": 13.909801}