{"fit_seconds": 123.076806, "predict_seconds": 0.199575}