{"fit_seconds": 122.986008, "predict_seconds": 0.943671}