{"fit_seconds": 122.905376, "predict_seconds": 1.040787}