{"fit_seconds": 123.624494, "predict_seconds": 0.14477}