{"fit_seconds": 123.322628, "predict_seconds": 0.916633}