{"fit_seconds": 123.58198, "predict_seconds": 0.117462}