{"fit_seconds": 123.92087, "predict_seconds": 0.116913}