{"fit_seconds": 122.516642, "predict_seconds": 0.161557}