{"fit_seconds": 123.499111, "predict_seconds": 0.151686}