{"fit_seconds": 123.878596, "predict_seconds": 0.190011}