{"fit_seconds": 123.019681, "predict_seconds": 0.224915}