{"fit_seconds": 123.889509, "predict_seconds": 14.515884}