{"fit_seconds": 123.110399, "predict_seconds": 0.180391}