{"fit_seconds": 122.975949, "predict_seconds": 0.342974}