{"fit_seconds": 123.104565, "predict_seconds": 1.440436}