{"fit_seconds": 122.972669, "predict_seconds": 1.644244}