{"fit_seconds": 122.916539, "predict_seconds": 0.072022}