{"fit_seconds": 120.733991, "predict_seconds": 0.447109}