{"fit_seconds": 122.379934, "predict_seconds": 0.198177}