{"fit_seconds": 122.683519, "predict_seconds": 0.164986}