{"fit_seconds": 122.652563, "predict_seconds": 0.390786}