{"fit_seconds": 123.047366, "predict_seconds": 0.303037}