{"fit_seconds": 123.491056, "predict_seconds": 0.088926}