{"fit_seconds": 123.239891, "predict_seconds": 0.160317}