{"fit_seconds": 122.952346, "predict_seconds": 0.95806}