{"fit_seconds": 122.40418, "predict_seconds": 0.39296}