{"fit_seconds": 122.789905, "predict_seconds": 2.170489}