{"fit_seconds": 122.81025, "predict_seconds": 0.231145}