{"fit_seconds": 123.16512, "predict_seconds": 1.22875}