{"fit_seconds": 120.540929, "predict_seconds": 0.299725}