{"fit_seconds": 123.467244, "predict_seconds": 0.183378}