{"fit_seconds": 122.846657, "predict_seconds": 0.194905}