{"fit_seconds": 123.534541, "predict_seconds": 2.782851}