{"fit_seconds": 122.660878, "predict_seconds": 0.336526}