{"fit_seconds": 120.702639, "predict_seconds": 1.37279}