{"fit_seconds": 123.549247, "predict_seconds": 0.967831}