{"fit_seconds": 123.735541, "predict_seconds": 0.20309}