{"fit_seconds": 123.481403, "predict_seconds": 0.164026}