{"fit_seconds": 122.880901, "predict_seconds": 0.520448}