{"fit_seconds": 123.475227, "predict_seconds": 0.235042}