{"fit_seconds": 122.862271, "predict_seconds": 0.073628}