{"fit_seconds": 123.282617, "predict_seconds": 0.838015}