{"fit_seconds": 122.445804, "predict_seconds": 0.134436}