{"fit_seconds": 123.148176, "predict_seconds": 0.199327}