{"fit_seconds": 122.560024, "predict_seconds": 0.19038}