{"fit_seconds": 122.308746, "predict_seconds": 0.082976}