{"fit_seconds": 122.827412, "predict_seconds": 0.152688}