{"fit_seconds": 122.905547, "predict_seconds": 0.138223}