{"fit_seconds": 123.197827, "predict_seconds": 1.495989}