{"fit_seconds": 122.442752, "predict_seconds": 0.208083}