{"fit_seconds": 123.686322, "predict_seconds": 0.16448}