{"fit_seconds": 123.670256, "predict_seconds": 1.578992}