{"fit_seconds": 123.395523, "predict_seconds": 13.368541}