{"fit_seconds": 122.617815, "predict_seconds": 0.169763}