{"fit_seconds": 122.874567, "predict_seconds": 0.175588}