{"fit_seconds": 123.326454, "predict_seconds": 13.580549}