{"fit_seconds": 122.878303, "predict_seconds": 1.619091}