{"fit_seconds": 123.750571, "predict_seconds": 0.244422}