{"fit_seconds": 123.108122, "predict_seconds": 0.240976}