{"fit_seconds": 123.185727, "predict_seconds": 10.223305}