{"fit_seconds": 123.301673, "predict_seconds": 10.709505}