{"fit_seconds": 123.244414, "predict_seconds": 0.800279}