{"fit_seconds": 123.055429, "predict_seconds": 11.385993}