{"fit_seconds": 122.303383, "predict_seconds": 11.705615}