{"fit_seconds": 122.977874, "predict_seconds": 0.514773}