{"fit_seconds": 122.80701, "predict_seconds": 0.153208}