{"fit_seconds": 123.330613, "predict_seconds": 13.850307}