{"fit_seconds": 122.564464, "predict_seconds": 0.160613}