{"fit_seconds": 123.344977, "predict_seconds": 4.382751}