{"fit_seconds": 123.212354, "predict_seconds": 0.865143}