{"fit_seconds": 123.062917, "predict_seconds": 6.152744}