{"fit_seconds": 123.504385, "predict_seconds": 0.170339}