{"fit_seconds": 123.249193, "predict_seconds": 0.181925}