{"fit_seconds": 122.887246, "predict_seconds": 0.184988}