{"fit_seconds": 122.962604, "predict_seconds": 0.187748}