{"fit_seconds": 123.249933, "predict_seconds": 0.168156}