{"fit_seconds": 122.630076, "predict_seconds": 0.271954}