{"fit_seconds": 123.028491, "predict_seconds": 0.207068}