{"fit_seconds": 123.399043, "predict_seconds": 0.474866}