{"fit_seconds": 122.922316, "predict_seconds": 1.462741}