{"fit_seconds": 120.633642, "predict_seconds": 0.126262}