{"fit_seconds": 123.003277, "predict_seconds": 1.378693}