{"fit_seconds": 125.369889, "predict_seconds": 2.175726}