{"fit_seconds": 123.392303, "predict_seconds": 2.649394}