{"fit_seconds": 122.634452, "predict_seconds": 0.107843}