{"fit_seconds": 122.707577, "predict_seconds": 1.645055}