{"fit_seconds": 122.62783, "predict_seconds": 0.146602}