{"fit_seconds": 123.815151, "predict_seconds": 0.314177}