{"fit_seconds": 121.867657, "predict_seconds": 1.804548}