{"fit_seconds": 122.97824, "predict_seconds": 1.854152}