{"fit_seconds": 123.536695, "predict_seconds": 0.339353}