{"fit_seconds": 123.209054, "predict_seconds": 0.834305}