{"fit_seconds": 122.30488, "predict_seconds": 0.330779}