{"fit_seconds": 123.161698, "predict_seconds": 1.373992}