{"fit_seconds": 124.124278, "predict_seconds": 1.171143}