{"fit_seconds": 122.934297, "predict_seconds": 1.060372}