{"fit_seconds": 122.194676, "predict_seconds": 0.714405}