{"fit_seconds": 123.07991, "predict_seconds": 0.162364}