{"fit_seconds": 122.625652, "predict_seconds": 1.547494}