{"fit_seconds": 123.430055, "predict_seconds": 0.533009}