{"fit_seconds": 123.42231, "predict_seconds": 1.27546}