{"fit_seconds": 122.593145, "predict_seconds": 0.368518}