{"fit_seconds": 123.705291, "predict_seconds": 0.343179}