{"fit_seconds": 123.761251, "predict_seconds": 14.236646}