{"fit_seconds": 123.828697, "predict_seconds": 0.44514}