{"fit_seconds": 123.728178, "predict_seconds": 1.516216}