{"fit_seconds": 120.760429, "predict_seconds": 1.829549}