{"fit_seconds": 123.328228, "predict_seconds": 0.250341}