{"fit_seconds": 122.575423, "predict_seconds": 13.779264}