{"fit_seconds": 129.546199, "predict_seconds": 0.112691}