{"fit_seconds": 122.968925, "predict_seconds": 0.334014}