{"fit_seconds": 122.677602, "predict_seconds": 0.272634}