{"fit_seconds": 122.230304, "predict_seconds": 0.182067}