{"fit_seconds": 124.120702, "predict_seconds": 0.273309}