{"fit_seconds": 122.758021, "predict_seconds": 0.322725}