{"fit_seconds": 123.565956, "predict_seconds": 0.952822}