{"fit_seconds": 123.048893, "predict_seconds": 13.567549}