{"fit_seconds": 123.380277, "predict_seconds": 0.39056}