{"fit_seconds": 123.616751, "predict_seconds": 0.135376}