{"fit_seconds": 124.910748, "predict_seconds": 0.501119}