{"fit_seconds": 123.672363, "predict_seconds": 12.888567}