{"fit_seconds": 123.861328, "predict_seconds": 1.008241}