{"fit_seconds": 120.612449, "predict_seconds": 0.333828}