{"fit_seconds": 122.073746, "predict_seconds": 0.203754}