{"fit_seconds": 122.876404, "predict_seconds": 5.859375}