{"fit_seconds": 123.079017, "predict_seconds": 0.363584}