{"fit_seconds": 123.333242, "predict_seconds": 15.075608}