{"fit_seconds": 122.962254, "predict_seconds": 1.21717}