{"fit_seconds": 123.625284, "predict_seconds": 2.027376}