{"fit_seconds": 123.740244, "predict_seconds": 0.356929}