{"fit_seconds": 120.778715, "predict_seconds": 0.692343}