{"fit_seconds": 122.57502, "predict_seconds": 0.123966}