{"fit_seconds": 123.574125, "predict_seconds": 13.872596}