{"fit_seconds": 123.388892, "predict_seconds": 0.14442}