{"fit_seconds": 123.173839, "predict_seconds": 14.227924}