{"fit_seconds": 124.221749, "predict_seconds": 1.994458}