{"fit_seconds": 122.250074, "predict_seconds": 1.700602}