{"fit_seconds": 123.239309, "predict_seconds": 3.113012}