{"fit_seconds": 123.017721, "predict_seconds": 0.057729}