{"fit_seconds": 123.695664, "predict_seconds": 0.612131}