{"fit_seconds": 130.14934, "predict_seconds": 0.493946}