{"fit_seconds": 123.290262, "predict_seconds": 0.418816}