{"fit_seconds": 123.718738, "predict_seconds": 0.825001}