{"fit_seconds": 123.122436, "predict_seconds": 14.763841}