{"fit_seconds": 122.486989, "predict_seconds": 0.377351}