{"fit_seconds": 123.701908, "predict_seconds": 0.178446}