{"fit_seconds": 123.862804, "predict_seconds": 0.129087}