{"fit_seconds": 122.840368, "predict_seconds": 0.532557}