{"fit_seconds": 123.127524, "predict_seconds": 2.302053}