{"fit_seconds": 122.18276, "predict_seconds": 0.128346}