{"fit_seconds": 122.793256, "predict_seconds": 0.053065}