{"fit_seconds": 123.692526, "predict_seconds": 0.126717}