{"fit_seconds": 123.128719, "predict_seconds": 1.407898}