{"fit_seconds": 123.316627, "predict_seconds": 2.508324}