{"fit_seconds": 123.657841, "predict_seconds": 1.796474}