{"fit_seconds": 123.952817, "predict_seconds": 0.059226}