{"fit_seconds": 122.638409, "predict_seconds": 0.056656}