{"fit_seconds": 122.555722, "predict_seconds": 1.509703}