{"fit_seconds": 122.357075, "predict_seconds": 1.964125}