{"fit_seconds": 122.566397, "predict_seconds": 1.416341}