{"fit_seconds": 123.440715, "predict_seconds": 0.10173}