{"fit_seconds": 122.947075, "predict_seconds": 0.26922}