{"fit_seconds": 122.850696, "predict_seconds": 0.512017}