{"fit_seconds": 122.818752, "predict_seconds": 0.18831}