{"fit_seconds": 123.44439, "predict_seconds": 2.117788}