{"fit_seconds": 123.61455, "predict_seconds": 0.602165}