{"fit_seconds": 123.547438, "predict_seconds": 0.457973}