{"fit_seconds": 124.182787, "predict_seconds": 13.056244}