{"fit_seconds": 124.509574, "predict_seconds": 13.412463}