{"fit_seconds": 123.900324, "predict_seconds": 1.506037}