{"fit_seconds": 123.430908, "predict_seconds": 0.051296}