{"fit_seconds": 123.690309, "predict_seconds": 0.270977}