{"fit_seconds": 123.685536, "predict_seconds": 0.183604}