{"fit_seconds": 120.71374, "predict_seconds": 0.742643}