{"fit_seconds": 123.368378, "predict_seconds": 0.123251}