{"fit_seconds": 123.10038, "predict_seconds": 0.390414}