{"fit_seconds": 124.054025, "predict_seconds": 0.472235}