{"fit_seconds": 123.357708, "predict_seconds": 0.308485}