{"fit_seconds": 122.407408, "predict_seconds": 0.243178}