{"fit_seconds": 122.100167, "predict_seconds": 0.160261}