{"fit_seconds": 123.803904, "predict_seconds": 0.174272}