{"fit_seconds": 123.996312, "predict_seconds": 0.298752}