{"fit_seconds": 122.711425, "predict_seconds": 0.231444}