{"fit_seconds": 123.267923, "predict_seconds": 1.352142}