{"fit_seconds": 123.020718, "predict_seconds": 13.494265}