{"fit_seconds": 123.776901, "predict_seconds": 14.452391}