{"fit_seconds": 128.531912, "predict_seconds": 0.21808}