{"fit_seconds": 123.640845, "predict_seconds": 0.497828}