{"fit_seconds": 123.721018, "predict_seconds": 0.161243}