{"fit_seconds": 122.796044, "predict_seconds": 1.429812}