{"fit_seconds": 122.983018, "predict_seconds": 1.653521}