{"fit_seconds": 122.279369, "predict_seconds": 0.265494}