{"fit_seconds": 123.026344, "predict_seconds": 0.563447}