{"fit_seconds": 122.785952, "predict_seconds": 1.208244}