{"fit_seconds": 123.249608, "predict_seconds": 2.316412}