{"fit_seconds": 123.085861, "predict_seconds": 0.430904}