{"fit_seconds": 123.145751, "predict_seconds": 0.177685}