{"fit_seconds": 123.369834, "predict_seconds": 0.23103}