{"fit_seconds": 122.51504, "predict_seconds": 2.567322}