{"fit_seconds": 122.827072, "predict_seconds": 0.603245}