{"fit_seconds": 122.902734, "predict_seconds": 1.917321}