{"fit_seconds": 122.920885, "predict_seconds": 2.02047}