{"fit_seconds": 123.035001, "predict_seconds": 1.903948}