{"fit_seconds": 122.967521, "predict_seconds": 2.158012}