{"fit_seconds": 123.099629, "predict_seconds": 2.000659}