{"fit_seconds": 123.472455, "predict_seconds": 0.896916}