{"fit_seconds": 123.990913, "predict_seconds": 0.109357}