{"fit_seconds": 123.301451, "predict_seconds": 0.117149}