{"fit_seconds": 123.457991, "predict_seconds": 0.132274}