{"fit_seconds": 122.750912, "predict_seconds": 1.732469}