{"fit_seconds": 123.08554, "predict_seconds": 0.291221}