{"fit_seconds": 121.156205, "predict_seconds": 0.650078}