{"fit_seconds": 123.116031, "predict_seconds": 0.521249}