{"fit_seconds": 122.765535, "predict_seconds": 0.058522}