{"fit_seconds": 122.559182, "predict_seconds": 0.662913}