{"fit_seconds": 123.678112, "predict_seconds": 0.678811}