{"fit_seconds": 123.625812, "predict_seconds": 0.421657}