{"fit_seconds": 122.993243, "predict_seconds": 0.259424}