{"fit_seconds": 123.487096, "predict_seconds": 0.25251}