{"fit_seconds": 123.363207, "predict_seconds": 0.14574}