{"fit_seconds": 123.894795, "predict_seconds": 0.052401}