{"fit_seconds": 123.718624, "predict_seconds": 0.310055}