{"fit_seconds": 122.977429, "predict_seconds": 0.069193}