{"fit_seconds": 124.186569, "predict_seconds": 1.576711}