{"fit_seconds": 120.552952, "predict_seconds": 0.098042}