{"fit_seconds": 123.979401, "predict_seconds": 0.155092}