{"fit_seconds": 123.10677, "predict_seconds": 0.55079}