{"fit_seconds": 120.688278, "predict_seconds": 13.428209}