{"fit_seconds": 122.950348, "predict_seconds": 0.143074}