{"fit_seconds": 122.89203, "predict_seconds": 0.736906}