{"fit_seconds": 123.14453, "predict_seconds": 13.328718}