{"fit_seconds": 122.960194, "predict_seconds": 1.260583}