{"fit_seconds": 122.829168, "predict_seconds": 0.330932}