{"fit_seconds": 122.875083, "predict_seconds": 0.553112}