{"fit_seconds": 122.188313, "predict_seconds": 0.119848}