{"fit_seconds": 123.436872, "predict_seconds": 0.136011}