{"fit_seconds": 122.368667, "predict_seconds": 1.039074}