{"fit_seconds": 122.634534, "predict_seconds": 2.160058}