{"fit_seconds": 122.64383, "predict_seconds": 0.289909}