{"fit_seconds": 123.380622, "predict_seconds": 0.148562}