{"fit_seconds": 122.975425, "predict_seconds": 0.048029}