{"fit_seconds": 123.167967, "predict_seconds": 0.117735}