{"fit_seconds": 122.577295, "predict_seconds": 0.618093}