{"fit_seconds": 123.083105, "predict_seconds": 0.069541}