{"fit_seconds": 122.626616, "predict_seconds": 14.105767}