{"fit_seconds": 122.851037, "predict_seconds": 0.25736}