{"fit_seconds": 123.700242, "predict_seconds": 1.395856}