{"fit_seconds": 122.905736, "predict_seconds": 0.299891}