{"fit_seconds": 123.089833, "predict_seconds": 1.312516}