{"fit_seconds": 123.056814, "predict_seconds": 0.513757}