{"fit_seconds": 123.164441, "predict_seconds": 3.132992}