{"fit_seconds": 122.466301, "predict_seconds": 0.662583}