{"fit_seconds": 122.583475, "predict_seconds": 0.77606}