{"fit_seconds": 123.605578, "predict_seconds": 1.701424}