{"fit_seconds": 123.693662, "predict_seconds": 0.044534}