{"fit_seconds": 123.474828, "predict_seconds": 13.714172}