{"fit_seconds": 122.982565, "predict_seconds": 1.234869}