{"fit_seconds": 123.627777, "predict_seconds": 0.775234}