{"fit_seconds": 123.449793, "predict_seconds": 1.611572}