{"fit_seconds": 123.848475, "predict_seconds": 1.439216}