{"fit_seconds": 123.218048, "predict_seconds": 1.12439}