{"fit_seconds": 122.926181, "predict_seconds": 0.058713}