{"fit_seconds": 123.546408, "predict_seconds": 0.149633}