{"fit_seconds": 120.573916, "predict_seconds": 0.097185}