{"fit_seconds": 124.076664, "predict_seconds": 0.35839}