{"fit_seconds": 123.548163, "predict_seconds": 0.099335}