{"fit_seconds": 128.897002, "predict_seconds": 0.383682}