{"fit_seconds": 124.313172, "predict_seconds": 14.431926}