{"fit_seconds": 124.003315, "predict_seconds": 0.443469}