{"fit_seconds": 122.789135, "predict_seconds": 0.12823}