{"fit_seconds": 120.55801, "predict_seconds": 0.248747}