{"fit_seconds": 122.640078, "predict_seconds": 0.387745}