{"fit_seconds": 123.751746, "predict_seconds": 0.068642}