{"fit_seconds": 122.999775, "predict_seconds": 0.389305}