{"fit_seconds": 122.252439, "predict_seconds": 0.213522}