{"fit_seconds": 122.485935, "predict_seconds": 0.249069}