{"fit_seconds": 122.434236, "predict_seconds": 0.172338}