{"fit_seconds": 122.210935, "predict_seconds": 0.335427}