{"fit_seconds": 121.913509, "predict_seconds": 0.237565}