{"fit_seconds": 122.118809, "predict_seconds": 0.207783}