{"fit_seconds": 122.319755, "predict_seconds": 0.231105}