{"fit_seconds": 120.506104, "predict_seconds": 0.59383}