{"fit_seconds": 121.547509, "predict_seconds": 0.609461}