{"fit_seconds": 121.401337, "predict_seconds": 14.255596}