{"fit_seconds": 121.856823, "predict_seconds": 0.170102}