{"fit_seconds": 121.628972, "predict_seconds": 0.315039}