{"fit_seconds": 121.914052, "predict_seconds": 0.930052}