{"fit_seconds": 122.301074, "predict_seconds": 0.133034}