{"fit_seconds": 122.375623, "predict_seconds": 0.062679}