{"fit_seconds": 121.434597, "predict_seconds": 0.456496}