{"fit_seconds": 122.152738, "predict_seconds": 0.405762}