{"fit_seconds": 121.789464, "predict_seconds": 0.671743}