{"fit_seconds": 122.222323, "predict_seconds": 0.059593}