{"fit_seconds": 121.749075, "predict_seconds": 0.362163}