{"fit_seconds": 122.007226, "predict_seconds": 0.201319}