{"fit_seconds": 121.933247, "predict_seconds": 0.326337}