{"fit_seconds": 121.929998, "predict_seconds": 0.151406}