{"fit_seconds": 122.17123, "predict_seconds": 0.751396}