{"fit_seconds": 121.54264, "predict_seconds": 0.277676}