{"fit_seconds": 122.338989, "predict_seconds": 0.11239}