{"fit_seconds": 121.912096, "predict_seconds": 0.313279}