{"fit_seconds": 120.708947, "predict_seconds": 0.478742}