{"fit_seconds": 121.480922, "predict_seconds": 0.418961}