{"fit_seconds": 122.177026, "predict_seconds": 0.092939}