{"fit_seconds": 122.212404, "predict_seconds": 0.200357}