{"fit_seconds": 122.081159, "predict_seconds": 0.399689}