{"fit_seconds": 121.762078, "predict_seconds": 0.230612}