{"fit_seconds": 120.681358, "predict_seconds": 1.330611}