{"fit_seconds": 122.435894, "predict_seconds": 0.527976}