{"fit_seconds": 121.794758, "predict_seconds": 0.178335}