{"fit_seconds": 122.013889, "predict_seconds": 0.642612}