{"fit_seconds": 122.172276, "predict_seconds": 0.079143}