{"fit_seconds": 121.910134, "predict_seconds": 0.474369}