{"fit_seconds": 122.147431, "predict_seconds": 0.210968}