{"fit_seconds": 121.954886, "predict_seconds": 0.203549}