{"fit_seconds": 121.800876, "predict_seconds": 0.302437}