{"fit_seconds": 121.90353, "predict_seconds": 0.633094}