{"fit_seconds": 122.06833, "predict_seconds": 0.152495}