{"fit_seconds": 121.964823, "predict_seconds": 0.150675}