{"fit_seconds": 121.857213, "predict_seconds": 0.296334}