{"fit_seconds": 121.69564, "predict_seconds": 0.147087}