{"fit_seconds": 122.602121, "predict_seconds": 0.146566}