{"fit_seconds": 122.100383, "predict_seconds": 0.596094}