{"fit_seconds": 122.340706, "predict_seconds": 0.53967}