{"fit_seconds": 121.643655, "predict_seconds": 0.248074}