{"fit_seconds": 122.663921, "predict_seconds": 0.396442}