{"fit_seconds": 122.23199, "predict_seconds": 0.053372}