{"fit_seconds": 121.903986, "predict_seconds": 0.298253}