{"fit_seconds": 121.97191, "predict_seconds": 0.615954}