{"fit_seconds": 122.17124, "predict_seconds": 0.442762}