{"fit_seconds": 122.126782, "predict_seconds": 0.266326}