{"fit_seconds": 121.880574, "predict_seconds": 0.13508}