{"fit_seconds": 122.078582, "predict_seconds": 0.358105}