{"fit_seconds": 121.738565, "predict_seconds": 0.14639}