{"fit_seconds": 121.795225, "predict_seconds": 0.170594}