{"fit_seconds": 121.67207, "predict_seconds": 0.314265}