{"fit_seconds": 122.288999, "predict_seconds": 0.354108}