{"fit_seconds": 121.454437, "predict_seconds": 0.388848}