{"fit_seconds": 121.795447, "predict_seconds": 0.120452}