{"fit_seconds": 121.829642, "predict_seconds": 0.118174}