{"fit_seconds": 122.052005, "predict_seconds": 0.312062}