{"fit_seconds": 122.35699, "predict_seconds": 0.659696}