{"fit_seconds": 121.680982, "predict_seconds": 0.217798}