{"fit_seconds": 121.911959, "predict_seconds": 0.118491}