{"fit_seconds": 121.938922, "predict_seconds": 0.317405}