{"fit_seconds": 121.386986, "predict_seconds": 0.636013}