{"fit_seconds": 122.673369, "predict_seconds": 0.217721}