{"fit_seconds": 122.26137, "predict_seconds": 0.327796}