{"fit_seconds": 121.941018, "predict_seconds": 0.593708}