{"fit_seconds": 122.049938, "predict_seconds": 0.381407}