{"fit_seconds": 122.292478, "predict_seconds": 0.127549}