{"fit_seconds": 121.52512, "predict_seconds": 0.351661}