{"fit_seconds": 122.224549, "predict_seconds": 0.261558}