{"fit_seconds": 121.877515, "predict_seconds": 0.20047}