{"fit_seconds": 122.220826, "predict_seconds": 0.141554}