{"fit_seconds": 121.893622, "predict_seconds": 0.409987}