{"fit_seconds": 120.58353, "predict_seconds": 0.416215}