{"fit_seconds": 121.519458, "predict_seconds": 0.18942}