{"fit_seconds": 121.755034, "predict_seconds": 0.648188}