{"fit_seconds": 121.950361, "predict_seconds": 0.276642}