{"fit_seconds": 121.988352, "predict_seconds": 0.515629}