{"fit_seconds": 121.662537, "predict_seconds": 0.265756}