{"fit_seconds": 121.596335, "predict_seconds": 0.271082}