{"fit_seconds": 121.60084, "predict_seconds": 0.428668}