{"fit_seconds": 121.862953, "predict_seconds": 0.540087}