{"fit_seconds": 122.206485, "predict_seconds": 0.179066}