{"fit_seconds": 122.278855, "predict_seconds": 0.27512}