{"fit_seconds": 121.621043, "predict_seconds": 0.435602}