{"fit_seconds": 122.035509, "predict_seconds": 0.229148}