{"fit_seconds": 121.907183, "predict_seconds": 0.413971}