{"fit_seconds": 122.216682, "predict_seconds": 0.064728}