{"fit_seconds": 121.684383, "predict_seconds": 0.187088}