{"fit_seconds": 121.963836, "predict_seconds": 0.29422}