{"fit_seconds": 122.131143, "predict_seconds": 0.592743}