{"fit_seconds": 121.987527, "predict_seconds": 0.162192}