{"fit_seconds": 121.953569, "predict_seconds": 0.285687}