{"fit_seconds": 122.185436, "predict_seconds": 0.133454}