{"fit_seconds": 122.374749, "predict_seconds": 0.656065}