{"fit_seconds": 121.990885, "predict_seconds": 0.21273}