{"fit_seconds": 122.270061, "predict_seconds": 0.266446}