{"fit_seconds": 122.268344, "predict_seconds": 0.344452}