{"fit_seconds": 121.732472, "predict_seconds": 0.409011}