{"fit_seconds": 121.876422, "predict_seconds": 0.184678}