{"fit_seconds": 122.047822, "predict_seconds": 0.062092}