{"fit_seconds": 121.956799, "predict_seconds": 0.352174}