{"fit_seconds": 122.100892, "predict_seconds": 0.241367}