{"fit_seconds": 121.465167, "predict_seconds": 0.592899}