{"fit_seconds": 122.034498, "predict_seconds": 0.340897}