{"fit_seconds": 122.352849, "predict_seconds": 0.120643}