{"fit_seconds": 122.567306, "predict_seconds": 0.294016}