{"fit_seconds": 122.257378, "predict_seconds": 0.346984}