{"fit_seconds": 120.757023, "predict_seconds": 0.365045}