{"fit_seconds": 121.68462, "predict_seconds": 0.374082}