{"fit_seconds": 122.649991, "predict_seconds": 0.613909}