{"fit_seconds": 122.140079, "predict_seconds": 0.246217}