{"fit_seconds": 120.640807, "predict_seconds": 0.328344}