{"fit_seconds": 120.733682, "predict_seconds": 0.236929}