{"fit_seconds": 121.623361, "predict_seconds": 0.168375}