{"fit_seconds": 122.533234, "predict_seconds": 0.623081}