{"fit_seconds": 120.63595, "predict_seconds": 0.293569}