{"fit_seconds": 121.821333, "predict_seconds": 0.201595}