{"fit_seconds": 122.179478, "predict_seconds": 0.129495}