{"fit_seconds": 122.091591, "predict_seconds": 0.851857}