{"fit_seconds": 121.97448, "predict_seconds": 0.103278}