{"fit_seconds": 122.148246, "predict_seconds": 0.156404}