{"fit_seconds": 122.501331, "predict_seconds": 0.238441}