{"fit_seconds": 121.694206, "predict_seconds": 0.505305}