{"fit_seconds": 121.977036, "predict_seconds": 0.290371}