{"fit_seconds": 122.196206, "predict_seconds": 0.159045}