{"fit_seconds": 122.221877, "predict_seconds": 0.196163}