{"fit_seconds": 122.473472, "predict_seconds": 0.345667}