{"fit_seconds": 120.662644, "predict_seconds": 0.295422}