{"fit_seconds": 122.010822, "predict_seconds": 0.138837}