{"fit_seconds": 122.64279, "predict_seconds": 0.152251}