{"fit_seconds": 120.58991, "predict_seconds": 0.555833}