{"fit_seconds": 122.684965, "predict_seconds": 0.395598}