{"fit_seconds": 122.420454, "predict_seconds": 0.438438}