{"fit_seconds": 121.990196, "predict_seconds": 0.163485}