{"fit_seconds": 120.601117, "predict_seconds": 0.298242}