{"fit_seconds": 122.104721, "predict_seconds": 0.20407}