{"fit_seconds": 122.226168, "predict_seconds": 0.659454}