{"fit_seconds": 121.561863, "predict_seconds": 0.620363}