{"fit_seconds": 121.944072, "predict_seconds": 0.140207}