{"fit_seconds": 121.833911, "predict_seconds": 0.278644}