{"fit_seconds": 121.541091, "predict_seconds": 0.477623}