{"fit_seconds": 121.810389, "predict_seconds": 0.174919}