{"fit_seconds": 121.83635, "predict_seconds": 0.385711}