{"fit_seconds": 121.633809, "predict_seconds": 14.518324}