{"fit_seconds": 121.814497, "predict_seconds": 0.440532}