{"fit_seconds": 121.899097, "predict_seconds": 0.434258}