{"fit_seconds": 121.95198, "predict_seconds": 0.28111}