{"fit_seconds": 121.771779, "predict_seconds": 0.319529}