{"fit_seconds": 122.301049, "predict_seconds": 0.183335}