{"fit_seconds": 122.622885, "predict_seconds": 0.135327}