{"fit_seconds": 122.220738, "predict_seconds": 0.387387}