{"fit_seconds": 121.784825, "predict_seconds": 0.368707}