{"fit_seconds": 121.716087, "predict_seconds": 0.32008}