{"fit_seconds": 122.43196, "predict_seconds": 0.291863}