{"fit_seconds": 122.215606, "predict_seconds": 0.261065}