{"fit_seconds": 122.41258, "predict_seconds": 0.273417}