{"fit_seconds": 122.372634, "predict_seconds": 0.339429}