{"fit_seconds": 121.748163, "predict_seconds": 0.315704}