{"fit_seconds": 121.818802, "predict_seconds": 0.457597}