{"fit_seconds": 122.321835, "predict_seconds": 13.388028}