{"fit_seconds": 122.01219, "predict_seconds": 13.996607}