{"fit_seconds": 122.086741, "predict_seconds": 0.279486}