{"fit_seconds": 121.719045, "predict_seconds": 0.178137}