{"fit_seconds": 121.835928, "predict_seconds": 0.054243}