{"fit_seconds": 122.437867, "predict_seconds": 0.101725}