{"fit_seconds": 120.629517, "predict_seconds": 0.877578}