{"fit_seconds": 122.079585, "predict_seconds": 0.437064}