{"fit_seconds": 121.353235, "predict_seconds": 0.191457}