{"fit_seconds": 122.683532, "predict_seconds": 0.124617}