{"fit_seconds": 122.101067, "predict_seconds": 0.335656}