{"fit_seconds": 122.209586, "predict_seconds": 0.055862}