{"fit_seconds": 121.796131, "predict_seconds": 0.056688}