{"fit_seconds": 121.908938, "predict_seconds": 0.139574}