{"fit_seconds": 122.22304, "predict_seconds": 0.362776}