{"fit_seconds": 120.517093, "predict_seconds": 0.394847}