{"fit_seconds": 122.084609, "predict_seconds": 0.239892}