{"fit_seconds": 122.02375, "predict_seconds": 0.559742}