{"fit_seconds": 121.909171, "predict_seconds": 0.604447}