{"fit_seconds": 122.145557, "predict_seconds": 0.125453}