{"fit_seconds": 122.015991, "predict_seconds": 0.341706}