{"fit_seconds": 121.599102, "predict_seconds": 0.25977}