{"fit_seconds": 121.686654, "predict_seconds": 0.078979}