{"fit_seconds": 122.093592, "predict_seconds": 0.155838}