{"fit_seconds": 122.356546, "predict_seconds": 0.174194}