{"fit_seconds": 122.522036, "predict_seconds": 0.494153}