{"fit_seconds": 120.548398, "predict_seconds": 0.377865}