{"fit_seconds": 122.181729, "predict_seconds": 0.133211}