{"fit_seconds": 122.018876, "predict_seconds": 0.135427}