{"fit_seconds": 122.163367, "predict_seconds": 0.594018}