{"fit_seconds": 122.845122, "predict_seconds": 0.154791}