{"fit_seconds": 123.137454, "predict_seconds": 1.226211}