{"fit_seconds": 120.702862, "predict_seconds": 0.319316}