{"fit_seconds": 120.704189, "predict_seconds": 0.811235}