{"fit_seconds": 120.717172, "predict_seconds": 0.85918}