{"fit_seconds": 123.078046, "predict_seconds": 0.439431}