{"fit_seconds": 123.222796, "predict_seconds": 0.68131}