{"fit_seconds": 122.931186, "predict_seconds": 0.176886}