{"fit_seconds": 120.607288, "predict_seconds": 1.021504}