{"fit_seconds": 123.198497, "predict_seconds": 0.13839}