{"fit_seconds": 120.804464, "predict_seconds": 14.037015}