{"fit_seconds": 122.916871, "predict_seconds": 0.221532}