{"fit_seconds": 122.282263, "predict_seconds": 0.782138}