{"fit_seconds": 120.545653, "predict_seconds": 0.737311}