{"fit_seconds": 123.092733, "predict_seconds": 0.655862}