{"fit_seconds": 122.831763, "predict_seconds": 1.168829}