{"fit_seconds": 122.919494, "predict_seconds": 1.135829}