{"fit_seconds": 122.28884, "predict_seconds": 14.492881}