{"fit_seconds": 120.612621, "predict_seconds": 0.609077}