{"fit_seconds": 120.564925, "predict_seconds": 0.779405}