{"fit_seconds": 122.476138, "predict_seconds": 0.481978}