{"fit_seconds": 122.946081, "predict_seconds": 1.031999}