{"fit_seconds": 122.815507, "predict_seconds": 0.44821}