{"fit_seconds": 122.769423, "predict_seconds": 0.184094}