{"fit_seconds": 120.65343, "predict_seconds": 0.054602}