{"fit_seconds": 120.725167, "predict_seconds": 13.698152}