{"fit_seconds": 122.771027, "predict_seconds": 0.41385}