{"fit_seconds": 122.863611, "predict_seconds": 0.142203}