{"fit_seconds": 123.428137, "predict_seconds": 0.175804}