{"fit_seconds": 120.606279, "predict_seconds": 0.619369}