{"fit_seconds": 122.666677, "predict_seconds": 1.045405}