{"fit_seconds": 123.368835, "predict_seconds": 0.135962}