{"fit_seconds": 123.443844, "predict_seconds": 1.240774}