{"fit_seconds": 120.742419, "predict_seconds": 0.684889}