{"fit_seconds": 123.26805, "predict_seconds": 0.154093}