{"fit_seconds": 122.676234, "predict_seconds": 0.471647}