{"fit_seconds": 120.596095, "predict_seconds": 0.593944}