{"fit_seconds": 122.441805, "predict_seconds": 0.567624}