{"fit_seconds": 123.065929, "predict_seconds": 0.332861}