{"fit_seconds": 122.401794, "predict_seconds": 0.174673}