{"fit_seconds": 122.492303, "predict_seconds": 0.438099}