{"fit_seconds": 122.317266, "predict_seconds": 14.754026}