{"fit_seconds": 122.837478, "predict_seconds": 1.170016}