{"fit_seconds": 122.906187, "predict_seconds": 13.27309}