{"fit_seconds": 120.657083, "predict_seconds": 0.103273}