{"fit_seconds": 122.239471, "predict_seconds": 0.940044}