{"fit_seconds": 120.696108, "predict_seconds": 13.483725}