{"fit_seconds": 122.379765, "predict_seconds": 0.136021}