{"fit_seconds": 120.633765, "predict_seconds": 0.574568}