{"fit_seconds": 123.008397, "predict_seconds": 13.535952}