{"fit_seconds": 122.893209, "predict_seconds": 0.321968}