{"fit_seconds": 122.745282, "predict_seconds": 0.755262}