{"fit_seconds": 122.75814, "predict_seconds": 0.368988}