{"fit_seconds": 122.961223, "predict_seconds": 0.19339}