{"fit_seconds": 122.956695, "predict_seconds": 0.180864}