{"fit_seconds": 122.461721, "predict_seconds": 0.427505}