{"fit_seconds": 122.984945, "predict_seconds": 0.081505}