{"fit_seconds": 122.989612, "predict_seconds": 0.848627}