{"fit_seconds": 123.412501, "predict_seconds": 0.146709}