{"fit_seconds": 122.792651, "predict_seconds": 0.164963}