{"fit_seconds": 120.674919, "predict_seconds": 15.600823}