{"fit_seconds": 122.181537, "predict_seconds": 0.350581}