{"fit_seconds": 121.973724, "predict_seconds": 0.402335}