{"fit_seconds": 122.213548, "predict_seconds": 0.370028}