{"fit_seconds": 123.059608, "predict_seconds": 13.463526}