{"fit_seconds": 122.477965, "predict_seconds": 0.14336}