{"fit_seconds": 122.66542, "predict_seconds": 0.080728}