{"fit_seconds": 120.69531, "predict_seconds": 0.142213}