{"fit_seconds": 122.384806, "predict_seconds": 1.003669}