{"fit_seconds": 122.952927, "predict_seconds": 0.048012}