{"fit_seconds": 122.947612, "predict_seconds": 0.176284}