{"fit_seconds": 122.485763, "predict_seconds": 0.635144}