{"fit_seconds": 122.739951, "predict_seconds": 0.202033}