{"fit_seconds": 122.996949, "predict_seconds": 0.268536}