{"fit_seconds": 122.378768, "predict_seconds": 1.12471}