{"fit_seconds": 122.427977, "predict_seconds": 1.123919}