{"fit_seconds": 122.610736, "predict_seconds": 0.180144}