{"fit_seconds": 122.492138, "predict_seconds": 0.663485}