{"fit_seconds": 122.551921, "predict_seconds": 0.196903}