{"fit_seconds": 123.217624, "predict_seconds": 0.197857}