{"fit_seconds": 122.363177, "predict_seconds": 1.032837}