{"fit_seconds": 123.905558, "predict_seconds": 0.710365}