{"fit_seconds": 123.112952, "predict_seconds": 0.169273}