{"fit_seconds": 123.061327, "predict_seconds": 0.217513}