{"fit_seconds": 122.593206, "predict_seconds": 0.547825}