{"fit_seconds": 122.190703, "predict_seconds": 1.855136}