{"fit_seconds": 122.67329, "predict_seconds": 1.089428}