{"fit_seconds": 123.257402, "predict_seconds": 0.168027}