{"fit_seconds": 123.338878, "predict_seconds": 0.123246}