{"fit_seconds": 120.591129, "predict_seconds": 0.828139}