{"fit_seconds": 120.706787, "predict_seconds": 0.779955}