{"fit_seconds": 122.487719, "predict_seconds": 0.173106}