{"fit_seconds": 122.148931, "predict_seconds": 0.134432}