{"fit_seconds": 123.144587, "predict_seconds": 1.013217}