{"fit_seconds": 123.008939, "predict_seconds": 0.535394}