{"fit_seconds": 122.92464, "predict_seconds": 0.154289}