{"fit_seconds": 122.677546, "predict_seconds": 0.052362}