{"fit_seconds": 122.440732, "predict_seconds": 0.232535}