{"fit_seconds": 123.179738, "predict_seconds": 0.148947}