{"fit_seconds": 122.187304, "predict_seconds": 0.448639}