{"fit_seconds": 122.466291, "predict_seconds": 14.308066}