{"fit_seconds": 122.445371, "predict_seconds": 0.149876}