{"fit_seconds": 122.675617, "predict_seconds": 0.303266}