{"fit_seconds": 122.273865, "predict_seconds": 0.36674}