{"fit_seconds": 122.604994, "predict_seconds": 0.104647}