{"fit_seconds": 120.575965, "predict_seconds": 13.283891}