{"fit_seconds": 120.644241, "predict_seconds": 0.989324}