{"fit_seconds": 120.672135, "predict_seconds": 0.64984}