{"fit_seconds": 122.529766, "predict_seconds": 0.993304}