{"fit_seconds": 120.692676, "predict_seconds": 0.341214}