{"fit_seconds": 122.538452, "predict_seconds": 15.389046}