{"fit_seconds": 122.414261, "predict_seconds": 1.455056}