{"fit_seconds": 122.927108, "predict_seconds": 1.01288}