{"fit_seconds": 123.04938, "predict_seconds": 0.806652}