{"fit_seconds": 122.612167, "predict_seconds": 0.165787}