{"fit_seconds": 122.700127, "predict_seconds": 0.142482}