{"fit_seconds": 122.724582, "predict_seconds": 0.140958}