{"fit_seconds": 123.387175, "predict_seconds": 0.170797}