{"fit_seconds": 123.130347, "predict_seconds": 0.436715}