{"fit_seconds": 122.615484, "predict_seconds": 0.198813}