{"fit_seconds": 122.596728, "predict_seconds": 0.120221}