{"fit_seconds": 122.838767, "predict_seconds": 0.129048}