{"fit_seconds": 120.681822, "predict_seconds": 0.127003}