{"fit_seconds": 121.930401, "predict_seconds": 0.085689}