{"fit_seconds": 122.428035, "predict_seconds": 0.152714}