{"fit_seconds": 122.419349, "predict_seconds": 0.084882}