{"fit_seconds": 123.280756, "predict_seconds": 0.121515}