{"fit_seconds": 122.471177, "predict_seconds": 0.080047}