{"fit_seconds": 123.132027, "predict_seconds": 1.038075}