{"fit_seconds": 122.515905, "predict_seconds": 0.180529}