{"fit_seconds": 122.489998, "predict_seconds": 0.151396}