{"fit_seconds": 120.68867, "predict_seconds": 0.14125}