{"fit_seconds": 122.802537, "predict_seconds": 0.174662}