{"fit_seconds": 123.015654, "predict_seconds": 0.177596}