{"fit_seconds": 122.62599, "predict_seconds": 12.994968}