{"fit_seconds": 122.625868, "predict_seconds": 0.310606}