{"fit_seconds": 122.804662, "predict_seconds": 0.105025}