{"fit_seconds": 122.16136, "predict_seconds": 0.577177}