{"fit_seconds": 123.336066, "predict_seconds": 0.132778}