{"fit_seconds": 123.106583, "predict_seconds": 0.130121}