{"fit_seconds": 122.629942, "predict_seconds": 0.327679}