{"fit_seconds": 122.982271, "predict_seconds": 1.021254}