{"fit_seconds": 122.427569, "predict_seconds": 0.123776}