{"fit_seconds": 122.346032, "predict_seconds": 0.146557}