{"fit_seconds": 123.458198, "predict_seconds": 0.172104}