{"fit_seconds": 122.604432, "predict_seconds": 0.169174}