{"fit_seconds": 120.673649, "predict_seconds": 0.125122}