{"fit_seconds": 122.461535, "predict_seconds": 0.204074}