{"fit_seconds": 122.937165, "predict_seconds": 0.155158}