{"fit_seconds": 122.85587, "predict_seconds": 0.106807}