{"fit_seconds": 122.870418, "predict_seconds": 0.108296}