{"fit_seconds": 122.545935, "predict_seconds": 0.153433}