{"fit_seconds": 123.052628, "predict_seconds": 0.209269}