{"fit_seconds": 122.195506, "predict_seconds": 1.013195}