{"fit_seconds": 123.059027, "predict_seconds": 0.144329}