{"fit_seconds": 122.664648, "predict_seconds": 0.641943}