{"fit_seconds": 120.678525, "predict_seconds": 0.620769}