{"fit_seconds": 122.90064, "predict_seconds": 1.031473}