{"fit_seconds": 122.474793, "predict_seconds": 0.126807}