{"fit_seconds": 123.010764, "predict_seconds": 1.546043}