{"fit_seconds": 123.08588, "predict_seconds": 0.143133}