{"fit_seconds": 122.481992, "predict_seconds": 0.227283}