{"fit_seconds": 122.550935, "predict_seconds": 0.124638}