{"fit_seconds": 122.938438, "predict_seconds": 0.160617}