{"fit_seconds": 122.805695, "predict_seconds": 0.147372}