{"fit_seconds": 122.760282, "predict_seconds": 1.271919}