{"fit_seconds": 122.968501, "predict_seconds": 0.742508}