{"fit_seconds": 123.173055, "predict_seconds": 0.132362}