{"fit_seconds": 122.667493, "predict_seconds": 0.106159}