{"fit_seconds": 122.754229, "predict_seconds": 0.161288}