{"fit_seconds": 120.752344, "predict_seconds": 0.650346}