{"fit_seconds": 122.290566, "predict_seconds": 0.399237}