{"fit_seconds": 122.479687, "predict_seconds": 0.362626}