{"fit_seconds": 123.38879, "predict_seconds": 0.285147}