{"fit_seconds": 123.003409, "predict_seconds": 0.040555}