{"fit_seconds": 120.596842, "predict_seconds": 1.226219}