{"fit_seconds": 123.151188, "predict_seconds": 0.782442}