{"fit_seconds": 122.979749, "predict_seconds": 13.795431}