{"fit_seconds": 122.972655, "predict_seconds": 0.223069}