{"fit_seconds": 122.883356, "predict_seconds": 1.025964}