{"fit_seconds": 122.522566, "predict_seconds": 0.985078}