{"fit_seconds": 123.383607, "predict_seconds": 0.440652}