{"fit_seconds": 122.832725, "predict_seconds": 0.799159}