{"fit_seconds": 123.142425, "predict_seconds": 0.680078}