{"fit_seconds": 122.825002, "predict_seconds": 0.160713}