{"fit_seconds": 122.569938, "predict_seconds": 1.029938}