{"fit_seconds": 120.989564, "predict_seconds": 0.50125}