{"fit_seconds": 122.636885, "predict_seconds": 1.005696}