{"fit_seconds": 122.746246, "predict_seconds": 0.133784}