{"fit_seconds": 122.336679, "predict_seconds": 1.053473}