{"fit_seconds": 122.763607, "predict_seconds": 0.166108}