{"fit_seconds": 122.51903, "predict_seconds": 0.162012}