{"fit_seconds": 122.378655, "predict_seconds": 0.520959}