{"fit_seconds": 121.633683, "predict_seconds": 0.254048}