{"fit_seconds": 121.483679, "predict_seconds": 0.130529}