{"fit_seconds": 121.799793, "predict_seconds": 0.365793}