{"fit_seconds": 121.902821, "predict_seconds": 0.125551}