{"fit_seconds": 121.926901, "predict_seconds": 0.193198}