{"fit_seconds": 120.570243, "predict_seconds": 0.385589}