{"fit_seconds": 121.866566, "predict_seconds": 0.046203}