{"fit_seconds": 121.834316, "predict_seconds": 0.440578}