{"fit_seconds": 121.575446, "predict_seconds": 0.107224}