{"fit_seconds": 121.27087, "predict_seconds": 0.134883}