{"fit_seconds": 121.35199, "predict_seconds": 0.221861}