{"fit_seconds": 121.437626, "predict_seconds": 0.120028}