{"fit_seconds": 121.694664, "predict_seconds": 0.141852}