{"fit_seconds": 121.935729, "predict_seconds": 0.178945}