{"fit_seconds": 121.533583, "predict_seconds": 0.501745}