{"fit_seconds": 121.342131, "predict_seconds": 0.277869}