{"fit_seconds": 122.399979, "predict_seconds": 0.469372}