{"fit_seconds": 121.85838, "predict_seconds": 0.114926}