{"fit_seconds": 121.303837, "predict_seconds": 0.472527}