{"fit_seconds": 121.483424, "predict_seconds": 0.287561}