{"fit_seconds": 121.770696, "predict_seconds": 0.265853}