{"fit_seconds": 121.703081, "predict_seconds": 0.101384}