{"fit_seconds": 122.00195, "predict_seconds": 0.14387}