{"fit_seconds": 121.726135, "predict_seconds": 0.09599}