{"fit_seconds": 121.79937, "predict_seconds": 0.305833}