{"fit_seconds": 121.705699, "predict_seconds": 0.349501}