{"fit_seconds": 121.990132, "predict_seconds": 0.166012}