{"fit_seconds": 121.353269, "predict_seconds": 0.139027}