{"fit_seconds": 121.569803, "predict_seconds": 0.13209}