{"fit_seconds": 121.558761, "predict_seconds": 0.456893}