{"fit_seconds": 121.743741, "predict_seconds": 0.080732}