{"fit_seconds": 121.787998, "predict_seconds": 0.052617}