{"fit_seconds": 121.814797, "predict_seconds": 0.133793}