{"fit_seconds": 122.066703, "predict_seconds": 0.115532}