{"fit_seconds": 122.24571, "predict_seconds": 0.223486}