{"fit_seconds": 122.025598, "predict_seconds": 0.079483}