{"fit_seconds": 122.189332, "predict_seconds": 0.27463}