{"fit_seconds": 121.831493, "predict_seconds": 0.440969}