{"fit_seconds": 121.513201, "predict_seconds": 0.415553}