{"fit_seconds": 121.961568, "predict_seconds": 0.115772}