{"fit_seconds": 121.291005, "predict_seconds": 0.107297}