{"fit_seconds": 121.921485, "predict_seconds": 0.125872}