{"fit_seconds": 122.171337, "predict_seconds": 0.221115}