{"fit_seconds": 122.188991, "predict_seconds": 0.365596}