{"fit_seconds": 121.463706, "predict_seconds": 0.124288}