{"fit_seconds": 121.783086, "predict_seconds": 0.247036}