{"fit_seconds": 121.493107, "predict_seconds": 0.474459}