{"fit_seconds": 121.761153, "predict_seconds": 0.257172}