{"fit_seconds": 121.48561, "predict_seconds": 0.130566}