{"fit_seconds": 121.705938, "predict_seconds": 0.164274}