{"fit_seconds": 121.863819, "predict_seconds": 0.262971}