{"fit_seconds": 121.693633, "predict_seconds": 0.466082}