{"fit_seconds": 122.227725, "predict_seconds": 0.324028}