{"fit_seconds": 121.674105, "predict_seconds": 0.182746}