{"fit_seconds": 121.50525, "predict_seconds": 0.351692}