{"fit_seconds": 121.82042, "predict_seconds": 0.143025}