{"fit_seconds": 122.075113, "predict_seconds": 0.270306}