{"fit_seconds": 121.945621, "predict_seconds": 0.315909}