{"fit_seconds": 121.776307, "predict_seconds": 0.326863}