{"fit_seconds": 121.491704, "predict_seconds": 0.215158}