{"fit_seconds": 122.410482, "predict_seconds": 0.106531}