{"fit_seconds": 121.905391, "predict_seconds": 0.476798}