{"fit_seconds": 121.658323, "predict_seconds": 0.158662}