{"fit_seconds": 121.770546, "predict_seconds": 0.133325}