{"fit_seconds": 121.536788, "predict_seconds": 0.217563}