{"fit_seconds": 121.957715, "predict_seconds": 0.073357}