{"fit_seconds": 121.894816, "predict_seconds": 0.501102}