{"fit_seconds": 121.78879, "predict_seconds": 0.34715}