{"fit_seconds": 121.693524, "predict_seconds": 0.109258}