{"fit_seconds": 121.450307, "predict_seconds": 0.410041}