{"fit_seconds": 121.580582, "predict_seconds": 0.390347}