{"fit_seconds": 120.512297, "predict_seconds": 0.382689}