{"fit_seconds": 121.781036, "predict_seconds": 0.257541}