{"fit_seconds": 121.857618, "predict_seconds": 0.50438}