{"fit_seconds": 121.593753, "predict_seconds": 0.460332}