{"fit_seconds": 121.595174, "predict_seconds": 0.464555}