{"fit_seconds": 121.668439, "predict_seconds": 0.390184}