{"fit_seconds": 121.900423, "predict_seconds": 0.459018}