{"fit_seconds": 121.997404, "predict_seconds": 0.196922}