{"fit_seconds": 121.875545, "predict_seconds": 0.391253}