{"fit_seconds": 121.656886, "predict_seconds": 0.133699}