{"fit_seconds": 122.458106, "predict_seconds": 0.163633}