{"fit_seconds": 121.564114, "predict_seconds": 0.391165}