{"fit_seconds": 121.390385, "predict_seconds": 0.148498}