{"fit_seconds": 121.811024, "predict_seconds": 0.420662}