{"fit_seconds": 122.116039, "predict_seconds": 0.11871}