{"fit_seconds": 121.858547, "predict_seconds": 0.22269}