{"fit_seconds": 121.86882, "predict_seconds": 0.161683}