{"fit_seconds": 121.603679, "predict_seconds": 0.501554}