{"fit_seconds": 121.668622, "predict_seconds": 0.483024}