{"fit_seconds": 121.822026, "predict_seconds": 0.082752}