{"fit_seconds": 121.900775, "predict_seconds": 0.345724}