{"fit_seconds": 121.621709, "predict_seconds": 0.259417}