{"fit_seconds": 121.905006, "predict_seconds": 0.451824}