{"fit_seconds": 121.477613, "predict_seconds": 0.279191}