{"fit_seconds": 121.763783, "predict_seconds": 0.441668}