{"fit_seconds": 121.902379, "predict_seconds": 0.260016}