{"fit_seconds": 122.218875, "predict_seconds": 0.473935}