{"fit_seconds": 121.867708, "predict_seconds": 0.160825}