{"fit_seconds": 121.920656, "predict_seconds": 0.34207}