{"fit_seconds": 121.450397, "predict_seconds": 0.11954}