{"fit_seconds": 121.478878, "predict_seconds": 0.116018}