{"fit_seconds": 120.870604, "predict_seconds": 0.329882}