{"fit_seconds": 122.006958, "predict_seconds": 0.140343}