{"fit_seconds": 121.983952, "predict_seconds": 0.148448}