{"fit_seconds": 121.200392, "predict_seconds": 0.448184}