{"fit_seconds": 121.751025, "predict_seconds": 0.274871}