{"fit_seconds": 121.675932, "predict_seconds": 0.130785}