{"fit_seconds": 121.463991, "predict_seconds": 0.441996}