{"fit_seconds": 121.694221, "predict_seconds": 0.170696}