{"fit_seconds": 121.591674, "predict_seconds": 0.159766}