{"fit_seconds": 121.844391, "predict_seconds": 0.175383}