{"fit_seconds": 121.430994, "predict_seconds": 0.237161}