{"fit_seconds": 121.701003, "predict_seconds": 0.089419}