{"fit_seconds": 122.001094, "predict_seconds": 0.146887}