{"fit_seconds": 122.014291, "predict_seconds": 0.521419}