{"fit_seconds": 121.730656, "predict_seconds": 0.473844}