{"fit_seconds": 121.754948, "predict_seconds": 0.098505}