{"fit_seconds": 121.431552, "predict_seconds": 0.124648}