{"fit_seconds": 121.373532, "predict_seconds": 0.190266}