{"fit_seconds": 121.541916, "predict_seconds": 0.470677}