{"fit_seconds": 121.571667, "predict_seconds": 0.328052}