{"fit_seconds": 121.769296, "predict_seconds": 0.570448}