{"fit_seconds": 122.268333, "predict_seconds": 0.471698}