{"fit_seconds": 121.477527, "predict_seconds": 0.270105}