{"fit_seconds": 121.771805, "predict_seconds": 0.417308}