{"fit_seconds": 121.380903, "predict_seconds": 0.200197}