{"fit_seconds": 121.881915, "predict_seconds": 0.476784}