{"fit_seconds": 121.826519, "predict_seconds": 0.155684}