{"fit_seconds": 121.686101, "predict_seconds": 0.224508}