{"fit_seconds": 120.606174, "predict_seconds": 0.143969}