{"fit_seconds": 121.507155, "predict_seconds": 0.150059}