{"fit_seconds": 121.936574, "predict_seconds": 0.216868}