{"fit_seconds": 121.601879, "predict_seconds": 0.458994}