{"fit_seconds": 121.776712, "predict_seconds": 0.366233}