{"fit_seconds": 121.781214, "predict_seconds": 0.473542}