{"fit_seconds": 121.690349, "predict_seconds": 0.087719}