{"fit_seconds": 121.559086, "predict_seconds": 0.265147}