{"fit_seconds": 121.647074, "predict_seconds": 0.088127}