{"fit_seconds": 121.829182, "predict_seconds": 0.147511}