{"fit_seconds": 121.478534, "predict_seconds": 0.313692}