{"fit_seconds": 121.956569, "predict_seconds": 0.171759}