{"fit_seconds": 122.047885, "predict_seconds": 0.170821}