{"fit_seconds": 121.910222, "predict_seconds": 0.159275}