model_name,mae,rmse,smape
NaiveLastValue,122.77777777777777,156.43600040343088,4.466957634104663
LaggedRidgeForecaster,280.61561414930554,299.5711503866451,10.635990115859029
KernelEnsembleForecaster_identity_shapelet,2526.9057720244678,2528.823855245458,167.63795574774022
KernelEnsembleForecaster_embedding_nystrom_okhs,2558.748621735009,2560.4895576929566,171.58295366734475
