model_name,mae,rmse,smape
KernelEnsembleForecaster,0.07118333333333338,0.08489390437481362,0.47692602855711846
KernelEnsembleForecaster_embedding_nystrom_okhs,0.08425833333333325,0.09904989062756878,0.5752260387779612
KernelEnsembleForecaster_identity_shapelet,0.1323333333333334,0.17024067277435995,0.9125780522684803
LaggedRidgeForecaster,0.20603333333333382,0.2569367983246723,1.4157401529312952
NaiveLastValue,0.30138333333333334,0.34686986032228273,2.0418689253157982
