{"vector": [0.11791923509405379, 0.013904946005166726, 81.5581270998599, 1, 0.39268725361175055, 0.06801119402683936, 0.20067965604668325, 0.31654174734015744, 0.34650481401444516, 0.3140936704055088, 0.32109849127366646, 0.3453490592069503, 0.3323262310585517, 0.2005384712846942], "heaviness": 0, "type": 1, "comment": "0", "features": ["std", "var", "sum", "len", "delta", "v10"]}