{"vector": [0.19762692487710293, 0.03905640143638009, 391.519044817162, 1, 0.7511126217969316, 0.4172528090397227, 0.5115161259624387, 0.05490125411761171, 0.38815596515582795, 0.05538643443503191, 0.16750663822159173, 0.4161910183684122, 0.06944355306105071, 0.08881175507363853], "heaviness": 15, "type": 3, "comment": "\u041d\u0414\u0421+\u041b\u041f", "features": ["std", "var", "sum", "len", "delta", "v10"]}