{"vector": [0.1771941506214219, 0.03139776701444716, 447.1789668543638, 1, 0.8187786546844842, 0.7087748829636021, 0.5480237185243239, 0.3291500435001322, 0.22276381134545498, 0.6502724297269461, 0.2633890157831921, 0.2262213943835512, 0.45511117472683826, 0.6904319406245956], "heaviness": 9, "type": 2, "comment": "\u041b\u041f?", "features": ["std", "var", "sum", "len", "delta", "v10"]}