{"vector": [0.10707835950625451, 0.011465775074550684, 63.366187173417785, 1, 0.44675523392834937, 0.17969843392197737, 0.14297666787706131, 0.05634685708848364, 0.09388812592428919, 0.2387206573113363, 0.3182235082806719, 0.24012574849449597, 0.14593540292615892, 0.0026311157596925483], "heaviness": 0, "type": 0, "comment": "0", "features": ["std", "var", "sum", "len", "delta", "v10"]}