{"vector": [0.22264608907510805, 0.04957128098044095, 224.46799580657984, 1, 0.8713795958884673, 0.480761478819744, 0.0020759188862583544, 0.6743989789826855, 0.11065205131607325, 0.2561601160923661, 0.5045093082227657, 0.2596646890623848, 0.565475029602828, 0.5836675892413413], "heaviness": 4, "type": 1, "comment": "\u041b\u041f", "features": ["std", "var", "sum", "len", "delta", "v10"]}