{"vector": [0.14883942014550425, 0.022153172989249934, 144.60870455593334, 1, 0.5890810478589252, 0.07258454759270261, 0.0023787981284618676, 0.1074848829016479, 0.003451160642013895, 0.32471330366607326, 0.11923862066357649, 0.17574426100112028, 0.3505164224285626, 0.32859403616548555], "heaviness": 6, "type": 2, "comment": "\u041b\u041f", "features": ["std", "var", "sum", "len", "delta", "v10"]}