{"vector": [0.14816600373506786, 0.02195316466282014, 61.01301480272455, 1, 0.6942548046507893, 0.0026351251071428106, 0.11482812187654243, 0.22849607991959497, 0.116326450191233, 0.10308030388455158, 0.11167950753594441, 0.061905795744755354, 0.15776752452856724, 0.25183832250915666], "heaviness": 0, "type": 1, "comment": "0", "features": ["std", "var", "sum", "len", "delta", "v10"]}