{"vector": [0.1661162852058148, 0.02759462021057961, 340.78619406144196, 1, 0.7684132577901657, 0.024188561498839245, 0.0401305745053131, 0.06772019985687494, 0.2704786070270704, 0.11993682277644963, 0.13348071622040059, 0.20293458643323886, 0.03905701956982449, 0.5244362322208715], "heaviness": 15, "type": 2, "comment": "\u041d\u0414\u0421+\u041b\u041f", "features": ["std", "var", "sum", "len", "delta", "v10"]}