{"vector": [0.21308051771403194, 0.04540330702927988, 162.05704008892792, 1, 0.870151533523697, 0.32514796171235444, 0.5863498048338686, 0.8234036324965164, 0.7276854821772623, 0.5469745897466148, 0.6294935704585168, 0.5119059514307792, 0.401798296713274, 0.22250460708240088], "heaviness": 0, "type": 1, "comment": "0", "features": ["std", "var", "sum", "len", "delta", "v10"]}