{"vector": [0.07945283696319697, 0.0063127533015003585, 128.16369011825944, 1, 0.3195322906081114, 0.03838779343184673, 0.10149786540630357, 0.10052657770334406, 0.23020061292545702, 0.16705948371170376, 0.1882108583681819, 0.21096580667007414, 0.2117484425871775, 0.21240683542885141], "heaviness": 7, "type": 2, "comment": "\u041b\u041f", "features": ["std", "var", "sum", "len", "delta", "v10"]}