{"vector": [0.09992104530439475, 0.009984215294722907, 48.28400352622967, 1, 0.3313054040545309, 0.04745857019986821, 0.048563387477803255, 0.06514557853957889, 0.06513574240857778, 0.023850233539941285, 0.18064202019797726, 0.21485896471938182, 0.18185502605827902, 0.08059569617329729], "heaviness": 0, "type": 1, "comment": "0", "features": ["std", "var", "sum", "len", "delta", "v10"]}