{"vector": [0.19437544989608446, 0.03778181552230524, 205.60627284786642, 1, 0.9981380312833881, 0.034111806298096375, 0.09839237350764582, 0.10530210144558369, 0.2687491706129155, 0.05689111553240822, 0.3929050549673371, 0.05819782390591663, 0.10532258577723039, 0.06679862540692874], "heaviness": 8, "type": 2, "comment": "\u043b\u043f", "features": ["std", "var", "sum", "len", "delta", "v10"]}