{"vector": [0.17184186841011767, 0.029529627738680196, 122.88887049085396, 1, 0.6093010464652739, 0.10649800160148876, 0.2337209185669855, 0.3281312919447494, 0.41249520327805717, 0.47344816911042503, 0.5338210090231961, 0.49078666154996714, 0.3586726158241135, 0.1637410332759477], "heaviness": 0, "type": 1, "comment": "0", "features": ["std", "var", "sum", "len", "delta", "v10"]}