{"vector": [0.10304519273213456, 0.010618311745202755, 86.03242243039938, 1, 0.3684808188065415, 0.16812080503737664, 0.0993019038018419, 0.08208427162968701, 0.03824102494447845, 0.21618562403151975, 0.23495638270753127, 0.2995347140029737, 0.23579480769559835, 0.04875884777210482], "heaviness": 0, "type": 1, "comment": "0", "features": ["std", "var", "sum", "len", "delta", "v10"]}