{"vector": [0.1250608184355509, 0.015640208307769826, 169.241586665418, 1, 0.5171655184124702, 0.21829025561204402, 0.27854132474840654, 0.3771546482452489, 0.5012099006838406, 0.3341982650827922, 0.10913402453084975, 0.21134397321548326, 0.2698385000250626, 0.1866899026619151], "heaviness": 7, "type": 2, "comment": "\u041b\u041f", "features": ["std", "var", "sum", "len", "delta", "v10"]}