{"vector": [0.07505530531089771, 0.0056332988553120696, 4.259511954013235, 1, 0.23838729621501675, 0.015787824730723043, 0.03271834308330118, 0.11332127088779043, 0.05554825814117331, 0.05333791462113607, 0.11271589581740038, 0.1110701124281169, 0.10539122206720089, 0.024912214799106325], "heaviness": 0, "type": 0, "comment": "0", "features": ["std", "var", "sum", "len", "delta", "v10"]}