{"vector": [0.0703824151363004, 0.004953684360418528, 136.7550811030213, 1, 0.33280494837527946, 0.1763909915524564, 0.03669169953221427, 0.23460766442229924, 0.11341129705853059, 0.04449029430946855, 0.06616143836368277, 0.10583890256063128, 0.1025690094464502, 0.10381007886836585], "heaviness": 6, "type": 2, "comment": "\u041d\u0414\u0421?", "features": ["std", "var", "sum", "len", "delta", "v10"]}