{"vector": [0.06120953452589633, 0.003746607116876895, 31.667551808371375, 1, 0.21092074320653126, 0.14414479396931001, 0.15618772567251227, 0.04526769638700334, 0.0387525875608109, 0.10624472494178705, 0.17720668997826372, 0.19684556229919375, 0.15320117214192347, 0.05617888547602212], "heaviness": 0, "type": 0, "comment": "0", "features": ["std", "var", "sum", "len", "delta", "v10"]}