{"vector": [0.07374363381059715, 0.0054381235275914475, 48.948480917853416, 1, 0.23227652356813389, 0.033045232403548064, 0.12032385053261374, 0.20323029632343637, 0.22395470333948875, 0.1657672122317826, 0.0907313833624559, 0.09419405193750707, 0.06778561429355257, 0.005348998189890208], "heaviness": 6, "type": 1, "comment": "\u041b\u041f", "features": ["std", "var", "sum", "len", "delta", "v10"]}