{"vector": [0.050717684612041014, 0.002572283532406462, 50.556816749426176, 1, 0.23929487276198347, 0.04242287335211059, 0.01761303731264674, 0.09011409221523708, 0.14244172944479905, 0.029604624189834117, 0.06657559435414473, 0.0033321630302258765, 0.10308860719674195, 0.13360549881632894], "heaviness": 0, "type": 0, "comment": "0", "features": ["std", "var", "sum", "len", "delta", "v10"]}