{"vector": [0.2193455739851867, 0.04811248082689101, 358.4407285453564, 1, 0.9149612008969388, 0.1901638914324683, 0.18789006746120274, 0.426539427353686, 0.7528370443163178, 0.40479941324482277, 0.24157681628711009, 0.2168835169452053, 0.1574132432705353, 0.035025825387229315], "heaviness": 17, "type": 3, "comment": "\u041b\u041f", "features": ["std", "var", "sum", "len", "delta", "v10"]}