{"vector": [0.02659409289468397, 0.0007072457768910804, -1.3497398801351563, 1, 0.13874457357810666, 0.008571134365983224, 0.07877209704971089, 0.017303750477534963, 0.038261398522152934, 1.8014559097445648e-05, 0.005622625677761506, 0.01351545950723243, 0.015070458454782498, 0.008468347968015322], "heaviness": 0, "type": 0, "comment": "0", "features": ["std", "var", "sum", "len", "delta", "v10"]}