{"vector": [0.08193455780686404, 0.0067132717630063446, 139.7833736051783, 1, 0.3381101238717765, 0.1068752752300553, 0.11598256211760494, 0.12902241786786534, 0.19470983254324142, 0.20936311559856402, 0.315104214275622, 0.2225073222954393, 0.08981514845997429, 0.1056100807892591], "heaviness": 0, "type": 1, "comment": "0", "features": ["std", "var", "sum", "len", "delta", "v10"]}