{"vector": [0.06289490832287228, 0.0039557694929425085, 36.335306577417725, 1, 0.23555917937671572, 0.04935272830705284, 0.04800054063242454, 0.06273756598513269, 0.09493121993765508, 0.166807867778209, 0.17185843522784072, 0.17438592457843555, 0.16269756019028014, 0.08167128078715646], "heaviness": 0, "type": 1, "comment": "0", "features": ["std", "var", "sum", "len", "delta", "v10"]}