{"vector": [0.05186214276871289, 0.0026896818525623586, 24.83354419276499, 1, 0.22949822406526219, 0.08601729521258858, 0.11660979914321032, 0.09180971360199183, 0.10048703771537845, 0.07226493303230683, 0.1117312315870532, 0.1886661324251019, 0.2059154977514581, 0.12409794603557964], "heaviness": 0, "type": 0, "comment": "0", "features": ["std", "var", "sum", "len", "delta", "v10"]}