{"vector": [0.06607717014788143, 0.0043661924147520735, 27.940878430591557, 1, 0.2548195818450276, 0.045377256827237034, 0.11508176111093082, 0.19803098885945808, 0.15497205668524672, 0.10445923796037154, 0.030980063959522408, 0.039705363177016006, 0.1570978658763461, 0.09133847595454359], "heaviness": 0, "type": 0, "comment": "0", "features": ["std", "var", "sum", "len", "delta", "v10"]}