{"vector": [0.2436204007290984, 0.0593508996514065, 534.398499185609, 1, 0.9972424387775216, 0.0004384797660797468, 0.46156425975634746, 0.7293819412329863, 0.5194648337225101, 0.1296376814972499, 0.08633043949670421, 0.09687288139278155, 0.14176127595145321, 0.19097040971789442], "heaviness": 16, "type": 3, "comment": "\u041b\u041f", "features": ["std", "var", "sum", "len", "delta", "v10"]}