{"vector": [0.087786355191507, 0.007706444157809428, -64.06098088080047, 1, 0.4197249295952819, 0.08118777992112591, 0.15914015816112925, 0.2165170641590285, 0.2636380246721075, 0.2992691419590089, 0.24646860009621985, 0.20025178669150878, 0.21603340543549687, 0.29434325085938107], "heaviness": 0, "type": 0, "comment": "0", "features": ["std", "var", "sum", "len", "delta", "v10"]}