{"vector": [0.2814344037442755, 0.07920532361089584, 156.5418390191681, 1, 0.9866128907076634, 0.17817732923191704, 0.36072009569052893, 0.37848171319397905, 0.436016281042518, 0.6632162895710139, 0.9125137448170364, 0.8479388511156318, 0.40441174033687993, 0.16632128756304398], "heaviness": 10, "type": 2, "comment": "\u041b\u041f", "features": ["std", "var", "sum", "len", "delta", "v10"]}