{"vector": [0.11468725284148343, 0.013153165964326348, 113.99606093179582, 1, 0.4408071704434909, 0.03136741969250484, 0.1818259741509357, 0.2854411557292777, 0.07000579284945835, 0.010058542165774564, 0.11172249540727952, 0.34573421343436334, 0.15105972803428508, 0.19671960504606528], "heaviness": 0, "type": 1, "comment": "0", "features": ["std", "var", "sum", "len", "delta", "v10"]}