{"vector": [0.14028898013350488, 0.019680997946898926, 186.21913884668106, 1, 0.5286758156082707, 0.2837638400088279, 0.5227783932468751, 0.3204457466438773, 0.0639918624224855, 0.14523352007538015, 0.25268356502261236, 0.4195714479880567, 0.3693582144943577, 0.2642053718044886], "heaviness": 4, "type": 1, "comment": "\u041b\u041f?", "features": ["std", "var", "sum", "len", "delta", "v10"]}