{"vector": [0.06952046595458965, 0.004833095186543257, 26.687459464853774, 1, 0.23882113281708323, 0.07571000645376164, 0.145013962576601, 0.14456011910596014, 0.18741982590413336, 0.20869171993308783, 0.16513473251966163, 0.10246856365479234, 0.019160440987387672, 0.03459943811913682], "heaviness": 0, "type": 0, "comment": "0", "features": ["std", "var", "sum", "len", "delta", "v10"]}