{"vector": [0.0522806580431637, 0.0027332672054262174, 42.205051273030975, 1, 0.1891245002504256, 0.07331021005276223, 0.15547009636314296, 0.18750791215428536, 0.18180551009677626, 0.17030503968489258, 0.1578513998777457, 0.13817175874385884, 0.10580279933086112, 0.07844871539441209], "heaviness": 0, "type": 0, "comment": "0", "features": ["std", "var", "sum", "len", "delta", "v10"]}