{"vector": [0.19975593876278952, 0.03990243507100332, 56.69902087553186, 1, 0.6423587970898184, 0.10535448857379148, 0.2844826121475665, 0.41784364942157864, 0.34534218134874334, 0.01575707086249517, 0.047912118314158814, 0.5089093930755086, 0.32516410146407954, 0.042223871910220034], "heaviness": 0, "type": 0, "comment": "0", "features": ["std", "var", "sum", "len", "delta", "v10"]}