{"vector": [0.14122657365008984, 0.019944945104944246, 147.88966649320426, 1, 0.5706650585035644, 0.19882648928403418, 0.020007777899187784, 0.4586918029064579, 0.16564103937129965, 0.16694844541402315, 0.09261642649557389, 0.237386318548292, 0.2688096910966929, 0.09327089813910505], "heaviness": 0, "type": 1, "comment": "0", "features": ["std", "var", "sum", "len", "delta", "v10"]}