{"vector": [0.08044282944614557, 0.006471048809301666, 83.63311189313845, 1, 0.36683612459421816, 0.33893046337621546, 0.015328942279260682, 0.07373373639394298, 0.058467068458038784, 0.06184850894277727, 0.06362678382408404, 0.0770155459674437, 0.0762786562608001, 0.1777883661374008], "heaviness": 0, "type": 1, "comment": "0", "features": ["std", "var", "sum", "len", "delta", "v10"]}