{"vector": [0.04585538536121649, 0.002102716366625668, 30.421474692685127, 1, 0.1753095349112751, 0.12349039616972574, 0.1606152321883938, 0.05988530809248771, 0.008281276725475406, 0.06361634399770699, 0.12542611042643803, 0.12206795797267778, 0.10483338525547309, 0.07044084478007273], "heaviness": 0, "type": 0, "comment": "0", "features": ["std", "var", "sum", "len", "delta", "v10"]}