{"vector": [0.10666614384429508, 0.01137766624261185, 117.45662293516902, 1, 0.3991381277366172, 0.2496937284979706, 0.3750131608340012, 0.11116039150022977, 0.14224459480478996, 0.031970087425951255, 0.2004335540063289, 0.30239180588270337, 0.011315828430509212, 0.0792520161027564], "heaviness": 9, "type": 2, "comment": "\u041b\u041f?", "features": ["std", "var", "sum", "len", "delta", "v10"]}