{"vector": [0.0762519079619274, 0.005814353467834249, 23.814209311067263, 1, 0.23773150152596606, 0.16693790234957545, 0.23593489041579802, 0.20541969051724468, 0.12307312590968905, 0.05693178546777533, 0.017771256574708183, 0.019420549234663215, 0.04387281996520165, 0.05130485582623204], "heaviness": 0, "type": 0, "comment": "0", "features": ["std", "var", "sum", "len", "delta", "v10"]}