{"vector": [0.12008617319352746, 0.014420688992265875, 91.37498579387017, 1, 0.4181588041948025, 0.10021006382544323, 0.25033046160946576, 0.3451606123220288, 0.4002747588247479, 0.4098806548534825, 0.37637835270765224, 0.3446315544194806, 0.28111404818769165, 0.20753044600891218], "heaviness": 0, "type": 0, "comment": "0", "features": ["std", "var", "sum", "len", "delta", "v10"]}