{"vector": [0.036399537964883995, 0.0013249263640570312, 8.508211350797573, 1, 0.21713845568857923, 0.07951024846372534, 0.09358491514700051, 0.0003982943267017425, 0.029784998438511956, 0.0366794045329073, 0.045257546742945576, 0.009983706337270193, 0.020477734796772562, 0.01985615378880734], "heaviness": 0, "type": 0, "comment": "0", "features": ["std", "var", "sum", "len", "delta", "v10"]}