{"vector": [0.1802789620267932, 0.032500504149457946, 335.3430225515513, 1, 0.7125732314501732, 0.6152075442053433, 0.13510858739681153, 0.13225606904240728, 0.24781565832633112, 0.5372035897378447, 0.4401885228376175, 0.3483023401445118, 0.19052436808475265, 0.0784108635900003], "heaviness": 8, "type": 2, "comment": "\u041d\u0414\u0421+\u041b\u041f", "features": ["std", "var", "sum", "len", "delta", "v10"]}