{"vector": [0.06610982348078419, 0.004370508760660444, 76.63653061811543, 1, 0.28051836793121293, 0.05580178112545395, 0.00955446650192035, 0.05451560544649567, 0.05457628536178577, 0.06134797142980947, 0.15696308567470738, 0.1809609636129724, 0.10898988360336945, 0.09673508979876633], "heaviness": 3, "type": 1, "comment": "\u041b\u041f?", "features": ["std", "var", "sum", "len", "delta", "v10"]}