{"vector": [0.03791465125310213, 0.001437520779644359, 30.72570346254395, 1, 0.1523861742237882, 0.032822959138331886, 0.11950773568531847, 0.12912033370210602, 0.0937395871242952, 0.0764595025679588, 0.07935033399475971, 0.07943683489744224, 0.11056781298356555, 0.11026002951073044], "heaviness": 0, "type": 1, "comment": "0", "features": ["std", "var", "sum", "len", "delta", "v10"]}