{"vector": [0.13426268186602233, 0.018026467741856723, 91.15572556242655, 1, 0.5612627162251238, 0.024310416353209074, 0.09319929143614564, 0.13141485834254857, 0.1255756458267529, 0.15189327228741079, 0.025481404340842284, 0.016847460355279564, 0.3903030298443559, 0.07367204967369784], "heaviness": 8, "type": 2, "comment": "\u0421\u043b\u0430\u0431\u043e\u0435 \u041b\u041f \u0438\u043b\u0438 \u041d\u0414\u0421", "features": ["std", "var", "sum", "len", "delta", "v10"]}