{"vector": [0.12492284395538379, 0.015605716941901169, 140.70609251271415, 1, 0.5185692387210538, 0.14648035084153216, 0.2737464182653971, 0.3005087350321698, 0.34725284932311223, 0.27443926774208677, 0.09875849822116228, 0.2623593674614845, 0.3027411228647307, 0.23626368469093012], "heaviness": 0, "type": 1, "comment": "0", "features": ["std", "var", "sum", "len", "delta", "v10"]}