{"vector": [0.25928742509463165, 0.06722996881220421, 321.7704868105463, 1, 0.9411136622680601, 0.23466284835604007, 0.055052167989151246, 0.4909083587779649, 0.533833942500181, 0.6652035408812633, 0.021883331171262288, 0.8453918229880534, 0.0035925959652725603, 0.06473717355946818], "heaviness": 9, "type": 2, "comment": "\u041b\u041f", "features": ["std", "var", "sum", "len", "delta", "v10"]}