{"vector": [0.01922758545794127, 0.00036970004254243457, 8.52624934630857, 1, 0.07831958291180652, 0.01691898272101397, 0.03857230992120034, 0.05441950642930482, 0.0021648947413995256, 0.012972419148764402, 0.015144263864494412, 0.02488634215310398, 0.008221054700894126, 0.002051456147391717], "heaviness": 0, "type": 0, "comment": "0", "features": ["std", "var", "sum", "len", "delta", "v10"]}