{"vector": [0.11838169384335522, 0.014014225437221885, 192.22124035316767, 1, 0.5189165193024097, 0.20169357327824122, 0.323616803875285, 0.5134620940501428, 0.38573588653906343, 0.19429951907826448, 0.30909736181266234, 0.23777973069156189, 0.1460320547341306, 0.09655512168554797], "heaviness": 7, "type": 2, "comment": "\u041b\u041f", "features": ["std", "var", "sum", "len", "delta", "v10"]}