{"vector": [0.09418492951105407, 0.008870800947002225, 122.94033043924978, 1, 0.32028660430341305, 0.16941284863811643, 0.30182050855719156, 0.15282722664977155, 0.24933013409979704, 0.2514494962797854, 0.1763718816073886, 0.12289172766775519, 0.04800668157300114, 0.026190806338802886], "heaviness": 4, "type": 1, "comment": "\u041b\u041f?", "features": ["std", "var", "sum", "len", "delta", "v10"]}