{"vector": [0.09741699735565937, 0.009490071373792543, 24.65206159417033, 1, 0.34680191216729267, 0.06869311681866047, 0.13069847108684807, 0.10200664409671611, 0.025415118423439076, 0.03784179172062696, 0.14298887400057447, 0.2392478238411802, 0.1743670489244324, 0.0038194993863082116], "heaviness": 0, "type": 0, "comment": "0", "features": ["std", "var", "sum", "len", "delta", "v10"]}