{"vector": [0.07070811326742127, 0.004999637281838475, 21.80711443661226, 1, 0.23192547303225763, 0.04928329354756811, 0.050839073502787824, 0.027916194311163378, 0.005652204485074919, 0.03645390841548768, 0.027487876336485084, 0.05747511776061531, 0.16162201290839817, 0.18674613820558583], "heaviness": 0, "type": 0, "comment": "0", "features": ["std", "var", "sum", "len", "delta", "v10"]}