{"vector": [0.17096157565615022, 0.029227860350833575, 188.59851519201658, 1, 0.7241622563303391, 0.20086884107292735, 0.43264618994383963, 0.4244910808530815, 0.418710307217105, 0.5509284749517044, 0.16993156680960253, 0.38349809576272964, 0.09941425501713985, 0.18177307765326678], "heaviness": 0, "type": 1, "comment": "0", "features": ["std", "var", "sum", "len", "delta", "v10"]}