{"vector": [0.08898275368127102, 0.007917930452701753, -3.6041802373227707, 1, 0.40807360522902575, 0.01189665301064674, 0.043325470134110367, 0.04478361824828864, 0.044813078879657076, 0.059572498565498205, 0.16920978403745457, 0.11463435000899086, 0.04755427206534213, 0.10901737741226764], "heaviness": 0, "type": 0, "comment": "0", "features": ["std", "var", "sum", "len", "delta", "v10"]}