{"vector": [0.09708581391471395, 0.009425655263482465, 51.31788306467946, 1, 0.36322289269461444, 0.011880352231784408, 0.2624072512251588, 0.28829081704242254, 0.14187667653530686, 0.03421797397907092, 0.17725616055868446, 0.23288889827165038, 0.18246131158067347, 0.11775976457080256], "heaviness": 0, "type": 0, "comment": "0", "features": ["std", "var", "sum", "len", "delta", "v10"]}