{"vector": [0.0881635742704917, 0.007772815828148508, 66.1456863551938, 1, 0.3200574804186791, 0.025126765439754173, 0.13172196656017687, 0.2167134327872388, 0.17738663740005187, 0.19993741088309103, 0.17917265709980978, 0.2584701845647675, 0.20554789943741536, 0.0697821258121637], "heaviness": 0, "type": 1, "comment": "0", "features": ["std", "var", "sum", "len", "delta", "v10"]}