{"vector": [0.13557361772394066, 0.0183802058227572, 252.71296525129094, 1, 0.5903355792172973, 0.3310439385485238, 0.31855532340169285, 0.34625908049371384, 0.27985902124468026, 0.11282778852195147, 0.12784693292527377, 0.5007834258072774, 0.12407587958308292, 0.29783939621179084], "heaviness": 0, "type": 1, "comment": "0", "features": ["std", "var", "sum", "len", "delta", "v10"]}