{"vector": [0.09227241579682556, 0.008514198716982264, 39.270137627130154, 1, 0.3086454468033066, 0.08850537152628513, 0.2062460411372143, 0.29080963785997266, 0.3056488192215051, 0.2725728930086613, 0.21365849422654443, 0.15113553405378688, 0.10925413738198692, 0.08404449487746452], "heaviness": 0, "type": 0, "comment": "0", "features": ["std", "var", "sum", "len", "delta", "v10"]}