{"vector": [0.12696190742723043, 0.016119325937560627, 33.261559543929735, 1, 0.3828748438667459, 0.03266735882937605, 0.1148070214687868, 0.22644609320523212, 0.3125177740412876, 0.34109479905365864, 0.28431922293664497, 0.1588627230909362, 0.05448784856238531, 0.030277869882285813], "heaviness": 0, "type": 0, "comment": "0", "features": ["std", "var", "sum", "len", "delta", "v10"]}