{"vector": [0.1334220624110658, 0.01780144673802234, 65.64347817901965, 1, 0.509449224311031, 0.1297956835112385, 0.23577929433058198, 0.3036713383486931, 0.34572118690506626, 0.4266558415279452, 0.4791245074637476, 0.3825956141891641, 0.24294501003344715, 0.16479861089492187], "heaviness": 0, "type": 0, "comment": "0", "features": ["std", "var", "sum", "len", "delta", "v10"]}