{"vector": [0.0829448015744118, 0.006879840108218546, 144.10616900751123, 1, 0.33628605212854357, 0.17199549987088758, 0.25161964468122056, 0.14550292588888103, 0.17266379579429236, 0.1871688543159693, 0.24163727470459423, 0.2108337113707801, 0.06011806846311385, 0.11038934174408749], "heaviness": 0, "type": 1, "comment": "0", "features": ["std", "var", "sum", "len", "delta", "v10"]}