{"vector": [0.2884963892132934, 0.08323016658910806, 242.72226426187783, 1, 0.9965402872909868, 0.10987365875335392, 0.3508730312015362, 0.44459369858455017, 0.7891582665026451, 0.8130184818685602, 0.314514393700898, 0.5624378344447816, 0.3001536113305731, 0.10184431542846417], "heaviness": 10, "type": 2, "comment": "\u041b\u041f", "features": ["std", "var", "sum", "len", "delta", "v10"]}