{"vector": [0.018932554552270647, 0.00035844162187470395, 7.448247309114128, 1, 0.09433923759269175, 0.004054740836854587, 0.007334430285549032, 0.011813514111160661, 0.01725100378901545, 0.02255223823455721, 0.029294948175337454, 0.04032213645377425, 0.05567778720752581, 0.03992807183919528], "heaviness": 0, "type": 0, "comment": "0", "features": ["std", "var", "sum", "len", "delta", "v10"]}