{"vector": [0.1531705739624237, 0.023461224727978312, 312.9516669763113, 1, 0.6194793833952603, 0.37196024389849985, 0.5204931658348972, 0.4931207998415728, 0.5296135620180684, 0.4960513839745691, 0.2879691833341933, 0.1637663479570537, 0.3249873816840161, 0.43721333434079085], "heaviness": 0, "type": 1, "comment": "0", "features": ["std", "var", "sum", "len", "delta", "v10"]}