{"vector": [0.055906624849781844, 0.003125550702094245, 177.31330697285338, 1, 0.3551398922283604, 0.31208043489103426, 0.122229033622824, 0.1553722365138751, 0.15535074520976005, 0.1609871915642198, 0.16297291663004926, 0.16805325724222325, 0.18693539585496355, 0.16809871754695027], "heaviness": 0, "type": 2, "comment": "\u0428\u043e\u0432 \u0438\u043b\u0438 \u041b\u041f", "features": ["std", "var", "sum", "len", "delta", "v10"]}