{"vector": [0.21531049913158767, 0.046358611036293414, 99.87459580386735, 1, 0.6913807691248391, 0.10675196336801174, 0.2833497359307404, 0.4597929175195552, 0.6118800399088559, 0.6906166002418199, 0.6495647912370247, 0.5364218151990201, 0.3766052878748798, 0.22396981610447442], "heaviness": 0, "type": 1, "comment": "0", "features": ["std", "var", "sum", "len", "delta", "v10"]}