{"vector": [0.17887571266669292, 0.03199652058201728, 130.49503942994943, 1, 0.5613156501197258, 0.11038330160948784, 0.4266418399771738, 0.48929237322157637, 0.13966657119617099, 0.16388877480613012, 0.40994318173188, 0.5507416129041912, 0.4091621462850499, 0.17015563128904726], "heaviness": 0, "type": 1, "comment": "0", "features": ["std", "var", "sum", "len", "delta", "v10"]}