{"vector": [0.1105454146355012, 0.012220288696934882, 114.7125253274492, 1, 0.5748003994483082, 0.11233672599194966, 0.1295323776475581, 0.04928771843287527, 0.11018767445353295, 0.03224072005596168, 0.19668837124994049, 0.16392357858777784, 0.190029907366136, 0.21488842127954788], "heaviness": 0, "type": 1, "comment": "0", "features": ["std", "var", "sum", "len", "delta", "v10"]}