{"vector": [0.07213719893369284, 0.005203775469999177, 73.71774893370781, 1, 0.24460127102854562, 0.11568137928341415, 0.23101118423944095, 0.21514246850188357, 0.12502915732462863, 0.08674997981855898, 0.10153883303774616, 0.02088235057551102, 4.402020620891678e-05, 0.04163401151738738], "heaviness": 0, "type": 1, "comment": "0", "features": ["std", "var", "sum", "len", "delta", "v10"]}