{"vector": [0.07648799230437175, 0.005850412966753633, 301.0705985512463, 1, 0.42536224830276426, 0.42131622796853796, 0.2698757453964724, 0.13534901403721428, 0.22788023003655522, 0.2750530365346174, 0.23282198547735788, 0.2573328249378904, 0.24770045167164328, 0.20526711003203946], "heaviness": 12, "type": 2, "comment": "\u041d\u0414\u0421", "features": ["std", "var", "sum", "len", "delta", "v10"]}