{"vector": [0.10798191046869478, 0.011660092988469215, 238.53659653948878, 1, 0.5323192913983349, 0.07617707484478942, 0.18091926482043008, 0.08890733299757048, 0.2137732577719823, 0.3091340478357488, 0.16276896969413457, 0.14670871299559862, 0.1729037481284308, 0.12338886481094058], "heaviness": 8, "type": 2, "comment": "\u041d\u0414\u0421", "features": ["std", "var", "sum", "len", "delta", "v10"]}