{"vector": [0.08344243135456783, 0.0069626393503617635, 84.53612897377862, 1, 0.3405584446274867, 0.10258867506785896, 0.024914098482140545, 0.007301563693129565, 0.23267435329695907, 0.2717552990415512, 0.07142638809318819, 0.1484618351451667, 0.06343471124426076, 0.027874148931341602], "heaviness": 0, "type": 1, "comment": "0", "features": ["std", "var", "sum", "len", "delta", "v10"]}