{"vector": [0.03358525900350018, 0.0011279696223321896, 13.408632448048921, 1, 0.11024984170994864, 0.04215289705070291, 0.051410032420878354, 0.08448403835046603, 0.11024984170994864, 0.09915790209930586, 0.10397127419101754, 0.0920688573958919, 0.040931788968874006, 0.02381707107143416], "heaviness": 0, "type": 0, "comment": "0", "features": ["std", "var", "sum", "len", "delta", "v10"]}