{"vector": [0.06552843934085502, 0.0042939763624481155, 28.37126564742979, 1, 0.20416579919335348, 0.03895022797454936, 0.09261162653289204, 0.14442194166586061, 0.183966328027477, 0.197322479300603, 0.192906051712367, 0.16450115484727526, 0.11637693882791014, 0.05658235588013161], "heaviness": 0, "type": 0, "comment": "0", "features": ["std", "var", "sum", "len", "delta", "v10"]}