{"vector": [0.048392100397787755, 0.0023417953809095698, 102.9536411732828, 1, 0.24312663796038952, 0.16568814908255713, 0.2106111207736916, 0.18357963657845566, 0.18433367377793203, 0.21846225234046873, 0.20565847224924466, 0.14551520810810226, 0.18078991228965047, 0.24160149702278078], "heaviness": 0, "type": 1, "comment": "0", "features": ["std", "var", "sum", "len", "delta", "v10"]}