{"vector": [0.045911258492151434, 0.002107843656333147, 58.016251867721884, 1, 0.23089007923964333, 0.16673335455871274, 0.1661549099793026, 0.08861092381828506, 0.12190974258309661, 0.09907928487674134, 0.08647001953091205, 0.1272834181660688, 0.18351174979499152, 0.12435787448446156], "heaviness": 0, "type": 1, "comment": "0", "features": ["std", "var", "sum", "len", "delta", "v10"]}