{"vector": [0.08707093495909882, 0.007581347714651616, 92.39978499316823, 1, 0.35717486389394865, 0.27853036288314365, 0.3180647450868563, 0.08684776742897854, 0.07814680321805129, 0.12632207223501526, 0.17038166257967652, 0.27059422847606573, 0.26276933498056454, 0.2232632275610241], "heaviness": 0, "type": 0, "comment": "0", "features": ["std", "var", "sum", "len", "delta", "v10"]}