{"vector": [0.10086900224513158, 0.01017455561392836, 55.41592993299979, 1, 0.3392692087937926, 0.08999690210865519, 0.22730460676304004, 0.3189476265435042, 0.3107667209675141, 0.22342694460100426, 0.08341899658599272, 0.09504205258149345, 0.08418045267981278, 0.07577563343828142], "heaviness": 0, "type": 1, "comment": "0", "features": ["std", "var", "sum", "len", "delta", "v10"]}