{"vector": [0.11628264335293514, 0.013521653145145912, 97.08350889437683, 1, 0.4603726810660116, 0.11642604096387632, 0.3310209228187245, 0.3570238466680315, 0.020512089282416962, 0.3099715453540981, 0.3005892990718528, 0.14746075230584949, 0.11702756231727834, 0.2438601458330112], "heaviness": 0, "type": 0, "comment": "0", "features": ["std", "var", "sum", "len", "delta", "v10"]}