{"vector": [0.19650023974481307, 0.03861234421976901, 248.92718173475373, 1, 0.8267036328193569, 0.40840052183545544, 0.7040248163037235, 0.7214585548691712, 0.5640375382887883, 0.5012000785064465, 0.32438406792461255, 0.40065985692645917, 0.42041454706051545, 0.37926644979426044], "heaviness": 16, "type": 3, "comment": "\u041b\u041f", "features": ["std", "var", "sum", "len", "delta", "v10"]}