{"vector": [0.08733246849430401, 0.007626960053308603, 25.169076566113407, 1, 0.3123284212546278, 0.010772671242020748, 0.05984824995765825, 0.06185619984760904, 0.002509755386459478, 0.06935673535391884, 0.02726198981126493, 0.20103413899369366, 0.2158703604779833, 0.08643261432796989], "heaviness": 0, "type": 0, "comment": "0", "features": ["std", "var", "sum", "len", "delta", "v10"]}