{"vector": [0.07233364692544114, 0.005232156477534381, 67.25430399999185, 1, 0.25749995040508955, 0.16482269936461635, 0.2128429732528816, 0.12667346660511192, 0.06317185293865679, 0.05412718404649569, 0.15719072932515055, 0.25225523781746517, 0.23418042216442747, 0.16676002208381546], "heaviness": 0, "type": 0, "comment": "0", "features": ["std", "var", "sum", "len", "delta", "v10"]}