{"vector": [0.22246647118067642, 0.04949133079958273, 301.9295940686363, 1, 0.9454405677337704, 0.0781545286831199, 0.04302206326202995, 0.7241479635585215, 0.03474610851138282, 0.27246537583079267, 0.030479386182913792, 0.04056224296639255, 0.15345043075716508, 0.1616780101275972], "heaviness": 8, "type": 2, "comment": "\u041b\u041f+\u041d\u0414\u0421", "features": ["std", "var", "sum", "len", "delta", "v10"]}