{"vector": [0.11327134139379681, 0.012830396781150067, 273.2511298829534, 1, 0.6256515658280304, 0.2961022854679455, 0.14719428200859475, 0.309901494759688, 0.14773751871568325, 0.141926285257663, 0.25059826046242445, 0.07309593667115566, 0.22564282468251584, 0.18235404253755472], "heaviness": 7, "type": 2, "comment": "\u041d\u0414\u0421?", "features": ["std", "var", "sum", "len", "delta", "v10"]}