{"vector": [0.08221529907263439, 0.006759355401602717, 24.393059084432732, 1, 0.3535628344773965, 0.051887342298363004, 0.08927446884259593, 0.11056529880646304, 0.005957941038037429, 0.10789256749537651, 0.17371791103992046, 0.024198066502484905, 0.0610459481227037, 0.12571159117312852], "heaviness": 0, "type": 0, "comment": "0", "features": ["std", "var", "sum", "len", "delta", "v10"]}