{"vector": [0.1676825680711411, 0.028117443634932866, 133.44060548863425, 1, 0.5417489123516755, 0.065720792322078, 0.3468704003888893, 0.45704037743346565, 0.49254593918902007, 0.40091576948035584, 0.29109586738051313, 0.24112171979908614, 0.22779212038839108, 0.05881837187038774], "heaviness": 4, "type": 1, "comment": "\u041b\u041f", "features": ["std", "var", "sum", "len", "delta", "v10"]}