{"vector": [0.07463033981295014, 0.005569687620596411, 19.025437152574447, 1, 0.30973789963062237, 0.06858228413799838, 0.11292850493347473, 0.07896362405788038, 0.001773329437364246, 0.021213109239063832, 0.0031445539966196145, 0.1010636927335607, 0.21437562934946852, 0.014700548271814051], "heaviness": 0, "type": 0, "comment": "0", "features": ["std", "var", "sum", "len", "delta", "v10"]}