{"vector": [0.09454492662222905, 0.008938743150002676, 205.27005421615655, 1, 0.4405776701388014, 0.36244362509688804, 0.27459315951343555, 0.05753787983953351, 0.13179708625569692, 0.3227578762894405, 0.19295795949449646, 0.25429844259875384, 0.12527549798935217, 0.1250444319577282], "heaviness": 0, "type": 1, "comment": "0", "features": ["std", "var", "sum", "len", "delta", "v10"]}