{"vector": [0.046385407716653955, 0.00215160604904022, 16.132660980102937, 1, 0.24412952206898078, 0.0797081645810192, 0.03191188445993165, 0.007428605094771501, 0.03323732538925389, 0.0307532157418976, 0.02534423447597428, 0.07347175984297138, 0.14055503315397533, 0.06719229706445107], "heaviness": 0, "type": 0, "comment": "0", "features": ["std", "var", "sum", "len", "delta", "v10"]}