{"vector": [0.19363630723000966, 0.03749501947767469, 192.0991281948974, 1, 0.6996886240074305, 0.15868837536774716, 0.13529283918776575, 0.13978836068186618, 0.33767288406040674, 0.5995329605466416, 0.6424286242182563, 0.34074412704619417, 0.1962687804335047, 0.2342958309717285], "heaviness": 7, "type": 2, "comment": "\u041b\u041f", "features": ["std", "var", "sum", "len", "delta", "v10"]}