{"vector": [0.21926056000698366, 0.048075193174576085, 102.90106911195514, 1, 0.6960332217659586, 0.11766847363949068, 0.25784450675298176, 0.3593782775595823, 0.5423568732239741, 0.636600142701307, 0.6922562268465628, 0.49652842501864863, 0.21907053661918113, 0.1144159475535712], "heaviness": 6, "type": 1, "comment": "\u041a\u043e\u0440\u043e\u0442\u043a\u043e\u0435 \u041b\u041f", "features": ["std", "var", "sum", "len", "delta", "v10"]}