{"vector": [0.09116320803299076, 0.008310730498866352, 35.40958993911502, 1, 0.289804796993126, 0.14653883259890277, 0.15000352087133623, 0.035559820730019065, 0.03306031156803685, 0.0300925680735174, 0.13681017680162105, 0.24762635569626062, 0.23919252164282528, 0.09338109696823771], "heaviness": 0, "type": 0, "comment": "0", "features": ["std", "var", "sum", "len", "delta", "v10"]}