{"vector": [0.15715278591654366, 0.024696998121331002, 165.18641599242883, 1, 0.6404080274611036, 0.22397103216705644, 0.3238952717770813, 0.12155207517686009, 0.2614401030795337, 0.6024244288859872, 0.2629411747126281, 0.21580335098139353, 0.3073509447367141, 0.18321518576762946], "heaviness": 7, "type": 2, "comment": "\u0421\u043b\u0430\u0431\u043e\u0435 \u041b\u041f", "features": ["std", "var", "sum", "len", "delta", "v10"]}