{"vector": [0.022815203080380167, 0.0005205334915989886, 0.19784335806331144, 1, 0.08567303325135167, 0.003043282233574085, 0.03608434809476413, 0.030477897625227013, 0.011400429129803102, 0.010480521738374105, 0.007591295631768635, 0.011252685259504625, 0.028710019885975213, 0.045135384665236145], "heaviness": 0, "type": 0, "comment": "0", "features": ["std", "var", "sum", "len", "delta", "v10"]}