{"vector": [0.20332261939565, 0.04134008755790834, 110.89023633490193, 1, 0.7163660017237998, 0.004375577744424708, 0.14797141435696598, 0.3753954670018046, 0.3495166516814565, 0.2010320444929975, 0.12266851382463012, 0.40137877433065283, 0.3718208376118344, 0.10825222259743705], "heaviness": 0, "type": 1, "comment": "0", "features": ["std", "var", "sum", "len", "delta", "v10"]}