{"vector": [0.08635501309946726, 0.007457188287409162, 172.2989278768169, 1, 0.33544884584210716, 0.3172494489431872, 0.06315006563306202, 0.31461039908974464, 0.14055605420111195, 0.3059274763536286, 0.1415670294243061, 0.21406029226771273, 0.04622254712543106, 0.14584299856910354], "heaviness": 0, "type": 1, "comment": "0", "features": ["std", "var", "sum", "len", "delta", "v10"]}