{"vector": [0.14870892893737464, 0.022114345545701145, 238.22503998978846, 1, 0.5914608483135202, 0.1997680585571756, 0.12982924961619263, 0.3311771646033294, 0.340720830043716, 0.46393672966555477, 0.2910357280901219, 0.0667817861901625, 0.11025341085748219, 0.021595578766418544], "heaviness": 8, "type": 2, "comment": "\u041b\u041f", "features": ["std", "var", "sum", "len", "delta", "v10"]}