{"vector": [0.1497895941724814, 0.02243692252235667, 189.63396683503305, 1, 0.7599021490431787, 0.1383667343062432, 0.38390539942674545, 0.14369963594358603, 0.3865094037121009, 0.4758851968347037, 0.15604382777215586, 0.15869641553681013, 0.1354592373182354, 0.1586162489931141], "heaviness": 5, "type": 1, "comment": "\u0421\u043b\u0430\u0431\u043e\u0435 \u041d\u0414\u0421", "features": ["std", "var", "sum", "len", "delta", "v10"]}