{"vector": [0.14786331689014431, 0.021863560481755237, 106.79681325111315, 1, 0.5159712435471004, 0.047340139499680856, 0.28660147084858933, 0.4267976813968284, 0.40200051642978707, 0.463042996566456, 0.3055080747624541, 0.23778833228587876, 0.31392522520633415, 0.1686425349411234], "heaviness": 0, "type": 1, "comment": "0", "features": ["std", "var", "sum", "len", "delta", "v10"]}