{"vector": [0.07411068479928899, 0.005492393601419564, 37.35856995214318, 1, 0.3253844008001626, 0.0721754677044173, 0.03512928577979446, 0.04425339162284536, 0.01574583017430148, 0.10440024981750179, 0.22783178525480724, 0.10073705281729073, 0.07776504875172208, 0.1053267782705023], "heaviness": 0, "type": 0, "comment": "0", "features": ["std", "var", "sum", "len", "delta", "v10"]}