{"vector": [0.10945740807014805, 0.01198092418143491, 59.311261999867604, 1, 0.3902081536819039, 0.04700337323841419, 0.11511999082796259, 0.2223224010364011, 0.34841462134513035, 0.31632410308155356, 0.25238641988313915, 0.19374793092571851, 0.1712239649045894, 0.06987881973791471], "heaviness": 0, "type": 1, "comment": "0", "features": ["std", "var", "sum", "len", "delta", "v10"]}