{"vector": [0.1262390285496795, 0.015936292329166796, 259.96910117690834, 1, 0.47710963495815756, 0.3505381497245098, 0.13398452644481548, 0.013267745519146917, 0.04315427314935319, 0.21110345968187014, 0.2278923742826319, 0.3790374315599253, 0.1403885142803896, 0.22287493780130838], "heaviness": 12, "type": 2, "comment": "\u041d\u0414\u0421? \u0441\u043b\u0430\u0431\u043e\u0435 \u041b\u041f", "features": ["std", "var", "sum", "len", "delta", "v10"]}