{"vector": [0.10100543399921605, 0.01020209769736999, 38.06558976349367, 1, 0.42566702876171203, 0.1094453969610622, 0.13630051479528937, 0.1730305430159625, 0.21811451602330184, 0.2304464852600428, 0.20939190877738495, 0.16816866026732863, 0.1472529230812702, 0.01580766361466779], "heaviness": 0, "type": 0, "comment": "0", "features": ["std", "var", "sum", "len", "delta", "v10"]}