{"vector": [0.15353270060705898, 0.02357229015569681, 76.25793482793729, 1, 0.5166795542893383, 0.09080712187243267, 0.2926373277023715, 0.45888285323378086, 0.515853768467381, 0.4629279097045769, 0.35892480608871413, 0.2722305650569034, 0.21243475430739922, 0.17141634356452568], "heaviness": 0, "type": 1, "comment": "0", "features": ["std", "var", "sum", "len", "delta", "v10"]}