{"vector": [0.07619837388865483, 0.005806192183275235, 16.530831985237175, 1, 0.302837161511492, 0.013539064133481549, 0.019340684280941822, 0.05007640397429819, 0.09422861179564285, 0.1350759190670911, 0.15456558970647238, 0.15513334321778866, 0.08354791763976699, 0.018194655995083797], "heaviness": 0, "type": 0, "comment": "0", "features": ["std", "var", "sum", "len", "delta", "v10"]}