{"vector": [0.11784059714211342, 0.013886406334809871, 169.5003638458045, 1, 0.4093493166754065, 0.0213100490875352, 0.06846064575997768, 0.15847267781115304, 0.29422780450474906, 0.3988336830221382, 0.11061261482663798, 0.003555835409825736, 0.1399972301643121, 0.1631056633938977], "heaviness": 8, "type": 2, "comment": "\u041b\u041f", "features": ["std", "var", "sum", "len", "delta", "v10"]}