{"vector": [0.050990766823390286, 0.00260005830123736, 20.197334911075675, 1, 0.16384908118372554, 0.04445319718809071, 0.09008011163859064, 0.131781303664379, 0.15903578365619397, 0.16227904410804506, 0.14312888959903203, 0.10606912085683784, 0.065751912548897, 0.03636816157307721], "heaviness": 0, "type": 0, "comment": "0", "features": ["std", "var", "sum", "len", "delta", "v10"]}