{"vector": [0.09165730165187888, 0.008401060946103519, 33.87333022268417, 1, 0.2631842652327038, 0.027502470499285808, 0.07989398501367087, 0.16609739082412406, 0.23952836626149582, 0.2530840520812203, 0.2497895591896661, 0.18589285982735948, 0.10524826040144089, 0.036302769949367986], "heaviness": 0, "type": 0, "comment": "0", "features": ["std", "var", "sum", "len", "delta", "v10"]}