{"vector": [0.02736886136290879, 0.0007490545723021216, 10.269032356049715, 1, 0.15688112210122487, 0.051014922740427016, 0.005173015916508483, 0.002681876043955256, 0.017784594885227156, 0.02549647064335614, 0.02182049835918093, 0.022556695217057776, 0.03816582085184306, 0.06872958474026072], "heaviness": 0, "type": 0, "comment": "0", "features": ["std", "var", "sum", "len", "delta", "v10"]}