{"vector": [0.15009580948763895, 0.022528752025749606, 368.8768371172991, 1, 0.7319894478596891, 0.34637406098286094, 0.02646069182066718, 0.3164163279689549, 0.10258288235926999, 0.44411575673896664, 0.11606656897002737, 0.3923112613691314, 0.2030992653570326, 0.0987187728208005], "heaviness": 8, "type": 2, "comment": "\u041d\u0414\u0421", "features": ["std", "var", "sum", "len", "delta", "v10"]}