{"vector": [0.075498814592857, 0.005700071004926597, 106.47066908943138, 1, 0.2961607654508767, 0.15630625699973022, 0.17529671643471822, 0.03699882124747522, 0.07832068602335746, 0.19212939984263117, 0.17714720780425464, 0.15685585802941493, 0.266463036979421, 0.1138796304549301], "heaviness": 5, "type": 1, "comment": "\u041b\u041f", "features": ["std", "var", "sum", "len", "delta", "v10"]}