{"vector": [0.17317469384124964, 0.029989474587010543, 64.64711838147394, 1, 0.592458790214779, 0.07099263640869358, 0.07251970086591786, 0.06203453820140897, 0.02119741799976982, 0.051309706942300415, 0.3569380171619431, 0.4750295956973796, 0.37684371150742535, 0.07989126529513046], "heaviness": 0, "type": 1, "comment": "0", "features": ["std", "var", "sum", "len", "delta", "v10"]}