{"vector": [0.07964354833043259, 0.006343094790661952, 283.96552760484377, 1, 0.40516539907619736, 0.15291500343817988, 0.23468631131498136, 0.14846095663909697, 0.1539913808323917, 0.20851382551916897, 0.21731251293452403, 0.14227638961564132, 0.16287496123232664, 0.12909327911473534], "heaviness": 5, "type": 2, "comment": "\u041d\u0414\u0421", "features": ["std", "var", "sum", "len", "delta", "v10"]}