{"vector": [0.11941979227330715, 0.01426108678659983, 113.56092753722248, 1, 0.47009383921094045, 0.19006120584841812, 0.3969154669910436, 0.27788741791647503, 0.03257382754276228, 0.16263706061490935, 0.213129734615926, 0.07836680678030328, 0.06811059931997532, 0.05452028392833885], "heaviness": 5, "type": 1, "comment": "\u0421\u043b\u0430\u0431\u043e\u0435 \u041b\u041f", "features": ["std", "var", "sum", "len", "delta", "v10"]}