{"vector": [0.1484828404606294, 0.022047153911256726, 64.30648625235942, 1, 0.5351774335209353, 0.1511665814365067, 0.3023731974192496, 0.38202158960845706, 0.4805358185104676, 0.4786017636178452, 0.3309512924278791, 0.2089179418796968, 0.1430110412105967, 0.16288300680653106], "heaviness": 0, "type": 0, "comment": "0", "features": ["std", "var", "sum", "len", "delta", "v10"]}