{"vector": [0.07233521863314969, 0.005232383854705567, 36.89956516230658, 1, 0.23329494748445734, 0.06175539355361859, 0.13532136462727962, 0.20322727747837288, 0.23329494748445734, 0.19951334749552596, 0.12640621414579856, 0.0685028380823689, 0.04898660504244967, 0.047681431680235864], "heaviness": 0, "type": 0, "comment": "0", "features": ["std", "var", "sum", "len", "delta", "v10"]}