{"vector": [0.09544043630660258, 0.009108876882394664, 28.09770162335709, 1, 0.26155169324488886, 0.0038819212663350755, 0.043943026104724614, 0.1326113027003087, 0.21816852100724426, 0.2234209874069606, 0.2325080970059633, 0.14912428171513264, 0.023005367075159378, 0.010979284360130681], "heaviness": 0, "type": 0, "comment": "0", "features": ["std", "var", "sum", "len", "delta", "v10"]}