{"vector": [0.15693176163621364, 0.024627577810245375, 299.6121816195475, 1, 0.5857738074811119, 0.04287590489148119, 0.038001059653035685, 0.3192914714513262, 0.41790037815178227, 0.4217682388805072, 0.18849494677670514, 0.1714010980513037, 0.06994430557273762, 0.005695086886355422], "heaviness": 7, "type": 2, "comment": "\u041d\u0414\u0421?", "features": ["std", "var", "sum", "len", "delta", "v10"]}