{"vector": [0.21893345146592924, 0.04793185617078439, 224.03250724374595, 1, 0.8531596049051076, 0.24785153257868364, 0.6051714912601615, 0.271826435452381, 0.14842729253077602, 0.2359901134015231, 0.19970927224045143, 0.29795673587395893, 0.6672760849044551, 0.45619685194259896], "heaviness": 13, "type": 2, "comment": "\u041b\u041f", "features": ["std", "var", "sum", "len", "delta", "v10"]}