{"vector": [0.13220819057920125, 0.017479005656226395, 415.4801515127527, 1, 0.6237180778381374, 0.06459243865900616, 0.3515645991736261, 0.20440184179123738, 0.18994123627638676, 0.335371199152615, 0.32610357256536987, 0.22620380821101244, 0.20171199611626217, 0.1749275682356784], "heaviness": 7, "type": 2, "comment": "\u041d\u0414\u0421", "features": ["std", "var", "sum", "len", "delta", "v10"]}