{"vector": [0.08278612030935995, 0.00685354171587582, 150.93045623202136, 1, 0.38802206527673444, 0.10642908458797234, 0.16857684063704992, 0.06220832443931762, 0.19543509588482186, 0.05217062515660209, 0.22616657299256632, 0.2220429167885779, 0.17302579242191923, 0.2772448131433335], "heaviness": 3, "type": 1, "comment": "\u0421\u043b\u0430\u0431\u043e\u0435 \u041d\u0414\u0421?", "features": ["std", "var", "sum", "len", "delta", "v10"]}