{"vector": [0.11107595179216068, 0.012337867066534402, 70.75941900849678, 1, 0.42303658925370086, 0.07333410809858257, 0.24479893245821696, 0.2537650205800802, 0.07606457956379764, 0.22285868219032332, 0.014700109883010154, 0.10988159283438134, 0.08172474247315839, 0.12289863972868095], "heaviness": 8, "type": 1, "comment": "0", "features": ["std", "var", "sum", "len", "delta", "v10"]}