{"vector": [0.25519910461504164, 0.06512658299631896, 141.11767967838847, 1, 0.8744215413009363, 0.25451495149519066, 0.2477989312202601, 0.167413529536112, 0.11811488098168127, 0.04737669892388213, 0.2507006233416455, 0.8127184591152637, 0.7066488155322337, 0.24023223552075973], "heaviness": 9, "type": 2, "comment": "\u041b\u041f", "features": ["std", "var", "sum", "len", "delta", "v10"]}