{"vector": [0.2686880365034401, 0.07219326096007396, 440.6875458785445, 1, 0.9045115765268874, 0.345637848156726, 0.8631190840646235, 0.2890379180719971, 0.3673992803561028, 0.5765260965854119, 0.7743344900728236, 0.8850143743696101, 0.8460657125352183, 0.38579751177087956], "heaviness": 14, "type": 3, "comment": "\u041b\u041f", "features": ["std", "var", "sum", "len", "delta", "v10"]}