{"vector": [0.175107172338479, 0.030662521804377785, 133.61824986177223, 1, 0.5524393937265137, 0.1740429665579824, 0.3918828163432758, 0.4708902786424828, 0.47750660211370954, 0.5179249247896058, 0.552309352235505, 0.5021645210402933, 0.3091457910612023, 0.13679129928518538], "heaviness": 6, "type": 2, "comment": "\u041b\u041f?", "features": ["std", "var", "sum", "len", "delta", "v10"]}