{"vector": [0.12408537373571493, 0.015397179975132052, 128.0782167002409, 1, 0.4513691026756852, 0.12428403785538089, 0.28436606329848724, 0.3348575904637292, 0.08624786149581176, 0.016051155339240952, 0.010437924807287391, 0.026545939730204138, 0.26934869186985755, 0.09220780873092504], "heaviness": 0, "type": 1, "comment": "0", "features": ["std", "var", "sum", "len", "delta", "v10"]}