{"vector": [0.18434823097882763, 0.03398427026502319, 152.84439423915828, 1, 0.9843490549360479, 0.036872097282222294, 0.2616068628243505, 0.6681471262952914, 0.117973956795634, 0.102920091281205, 0.3331644961102603, 0.14324753441009075, 0.16725346388557594, 0.28773363409858194], "heaviness": 0, "type": 1, "comment": "0", "features": ["std", "var", "sum", "len", "delta", "v10"]}