{"vector": [0.08382582596642082, 0.007026769098952672, 61.01750937435731, 1, 0.35839780380144337, 0.13241809620540645, 0.22777904916198505, 0.16094783543136448, 0.09473401470837461, 0.083500961170766, 0.2346077425534394, 0.024467872731863016, 0.06455653632866787, 0.17304236627830127], "heaviness": 11, "type": 0, "comment": "\u041b\u041f", "features": ["std", "var", "sum", "len", "delta", "v10"]}