{"vector": [0.1830265389080486, 0.033498713944659426, 242.658013867165, 1, 0.7813288750860892, 0.1600523743922191, 0.015070789418992092, 0.3069503265214846, 0.42105828699573766, 0.05774215418143441, 0.4297826698391778, 0.4705417819835489, 0.12819577320583198, 0.23304549533702745], "heaviness": 9, "type": 2, "comment": "\u041b\u041f+\u041d\u0414\u0421", "features": ["std", "var", "sum", "len", "delta", "v10"]}