{"vector": [0.16899953491202307, 0.028560842800480105, 394.92953109233224, 1, 0.9125157011104474, 0.3661849954800802, 0.44421126978452274, 0.03415065179114407, 0.41552600781581817, 0.3538516617327131, 0.09196981111110675, 0.1888178342736901, 0.23016348472880122, 0.18215845427753136], "heaviness": 9, "type": 2, "comment": "\u041b\u041f+\u041d\u0414\u0421", "features": ["std", "var", "sum", "len", "delta", "v10"]}