{"vector": [0.08255979288781294, 0.006816119401678569, 163.1409415775249, 1, 0.34663757121815586, 0.11455435886289123, 0.19839165218044374, 0.22473867138810766, 0.2076487502128036, 0.266061075857991, 0.25047871419035844, 0.11849044974563294, 0.13979062539065318, 0.1920342829824901], "heaviness": 0, "type": 1, "comment": "0", "features": ["std", "var", "sum", "len", "delta", "v10"]}