{"vector": [0.06374919181592531, 0.004063959457183639, 90.58064072233338, 1, 0.33336737601997357, 0.050416123870296536, 0.2141498766454349, 0.21484083493203326, 0.1767374883971447, 0.14866843584545264, 0.11984485005230094, 0.12507826676919426, 0.18617062826331177, 0.12514379984604057], "heaviness": 7, "type": 1, "comment": "\u041b\u041f", "features": ["std", "var", "sum", "len", "delta", "v10"]}