{"vector": [0.07719057867238985, 0.005958385435778406, 21.701680110987624, 1, 0.23399128049523668, 0.05621538419602118, 0.12139766409363267, 0.171780076888285, 0.21100845617133296, 0.2167533558211137, 0.14896145762857105, 0.07144340645938202, 0.03883616708685256, 0.00659439365368697], "heaviness": 0, "type": 0, "comment": "0", "features": ["std", "var", "sum", "len", "delta", "v10"]}