{"vector": [0.16129740858067249, 0.026016854014840395, 57.09303847694756, 1, 0.8886414603342946, 0.8349389754502897, 0.39343780109442306, 0.37609243612306276, 0.0970773547462056, 0.0805232204194769, 0.13671498794545334, 0.1822702248490108, 0.21796205007682176, 0.18677071638666562], "heaviness": 0, "type": 0, "comment": "0", "features": ["std", "var", "sum", "len", "delta", "v10"]}