{"vector": [0.11047788022476826, 0.01220536201895824, 32.93414663279134, 1, 0.3860403498202152, 0.07659379993574622, 0.1265130399212625, 0.15513651125732153, 0.1968407989969792, 0.22602184081700127, 0.25948136190177296, 0.24513944175050817, 0.09522561260632367, 0.0550281132347602], "heaviness": 0, "type": 0, "comment": "0", "features": ["std", "var", "sum", "len", "delta", "v10"]}