{"vector": [0.09195627469763276, 0.008455956456266496, 88.82350239687412, 1, 0.4106070235052699, 0.032739742813579664, 0.12662838623217038, 8.332512595349284e-05, 0.2223759667966395, 0.2292697291346088, 0.18837732266623136, 0.060241238387625684, 0.03597159692461527, 0.1084404601876133], "heaviness": 0, "type": 1, "comment": "0", "features": ["std", "var", "sum", "len", "delta", "v10"]}