{"vector": [0.11116873233953244, 0.012358487049978606, 57.757487247120466, 1, 0.3577181700600993, 0.08948152951915822, 0.2123812038144029, 0.31654345653370936, 0.35691578508352023, 0.3187367304218771, 0.24881201552823862, 0.18145751828717277, 0.10882944865397975, 0.06177337319820514], "heaviness": 0, "type": 0, "comment": "0", "features": ["std", "var", "sum", "len", "delta", "v10"]}