{"vector": [0.0784455925193834, 0.006153710985717142, 175.96941151266282, 1, 0.32471364157671373, 0.191700512753831, 0.24930407341379995, 0.13766755992185903, 0.09546725234451298, 0.1920343065722524, 0.24198410942882065, 0.14799223158955177, 0.08822631832312461, 0.1143383771202347], "heaviness": 5, "type": 1, "comment": "\u041d\u0414\u0421?", "features": ["std", "var", "sum", "len", "delta", "v10"]}