{"vector": [0.154998381373541, 0.02402449822841766, 48.87163894499196, 1, 0.44806238377152074, 0.02182170523095589, 0.1255344336555575, 0.25483681296447425, 0.3600000796989442, 0.42778183406472364, 0.43793692734043144, 0.36332058208992346, 0.23607207525893414, 0.1015368444494475], "heaviness": 0, "type": 0, "comment": "0", "features": ["std", "var", "sum", "len", "delta", "v10"]}