{"vector": [0.24128664667255706, 0.05821924586248739, 243.87738509132546, 1, 0.8281776519171521, 0.060697237599877996, 0.124122001732481, 0.45100992968487064, 0.6062139714277207, 0.6418773751566811, 0.22174992370942975, 0.06256121304014811, 0.06440113826047039, 0.10894082762437651], "heaviness": 14, "type": 2, "comment": "\u041b\u041f", "features": ["std", "var", "sum", "len", "delta", "v10"]}