{"vector": [0.15399398238019907, 0.023714146609313064, 91.33870697845701, 1, 0.6381929279659889, 0.08603982407130123, 0.5132041135768761, 0.32234087642578396, 0.32926980083419227, 0.1493138560970395, 0.11572639124971118, 0.14269290586706712, 0.2590252265823561, 0.05127036671648344], "heaviness": 0, "type": 1, "comment": "0", "features": ["std", "var", "sum", "len", "delta", "v10"]}