{"vector": [0.08042732607594888, 0.006468554779727006, 174.8946142861882, 1, 0.376199212569193, 0.3105217012677751, 0.3640143055354238, 0.2832756193782083, 0.21622124095709716, 0.2751897395982573, 0.24712405267873572, 0.3070293199645757, 0.23270473498081923, 0.1430751275621983], "heaviness": 0, "type": 1, "comment": "0", "features": ["std", "var", "sum", "len", "delta", "v10"]}