{"vector": [0.13034544800838382, 0.016989935816506287, 80.56776669150723, 1, 0.3704088449496255, 0.03439077232554738, 0.22678927075961752, 0.3622743895348411, 0.3440357889480932, 0.33593816174169655, 0.3058849450885351, 0.171025010929735, 0.07999811792871114, 0.060868334372808586], "heaviness": 8, "type": 2, "comment": "\u041b\u041f", "features": ["std", "var", "sum", "len", "delta", "v10"]}