{"vector": [0.10509709455292116, 0.01104539928346565, 17.019018514929233, 1, 0.34564973417520845, 0.033175475599434456, 0.014076286359548607, 0.03854669068580302, 0.10831047138079955, 0.17794807986734756, 0.21212465639184946, 0.21044163838618174, 0.10251592515681121, 0.04997915675900422], "heaviness": 0, "type": 0, "comment": "0", "features": ["std", "var", "sum", "len", "delta", "v10"]}