{"vector": [0.2748979602779749, 0.07556888856499107, 238.8492980415803, 1, 0.9471258483797582, 0.07431440920994109, 0.07559548876996361, 0.23632196884530726, 0.40808890767346506, 0.22445988479969592, 0.4963680438461934, 0.8289282834297711, 0.6291560213523265, 0.22705080891321733], "heaviness": 16, "type": 3, "comment": "\u041b\u041f", "features": ["std", "var", "sum", "len", "delta", "v10"]}