{"vector": [0.15705700924613283, 0.02466690415333985, 64.11669093976431, 1, 0.5368511948861349, 0.06199432379749059, 0.0035550620429923296, 0.024684837794258896, 0.18905174000316277, 0.4788025100322806, 0.32906817463587024, 0.15993555931226372, 0.07850160015817326, 0.06057259461965259], "heaviness": 13, "type": 2, "comment": "\u041b\u041f", "features": ["std", "var", "sum", "len", "delta", "v10"]}