{"vector": [0.04230061143687161, 0.0017893417279331934, 22.97293455576245, 1, 0.1874815116228078, 0.08431004230757899, 0.16179462114701224, 0.1654218072136576, 0.11452720514636913, 0.11506493418852881, 0.1494401679442572, 0.12125742896279729, 0.07901279258863125, 0.06306007057770915], "heaviness": 0, "type": 0, "comment": "0", "features": ["std", "var", "sum", "len", "delta", "v10"]}