{"vector": [0.13450626162898688, 0.018091934417405465, 81.37246356145162, 1, 0.6685630796109974, 0.014861217978100694, 0.017895030300359605, 0.06004737362694851, 0.04411247347976244, 0.0064342615852910345, 0.012781074873008835, 0.06626824074342652, 0.04309531955288509, 0.50418051416503], "heaviness": 12, "type": 2, "comment": "\u041b\u041f", "features": ["std", "var", "sum", "len", "delta", "v10"]}