{"vector": [0.09266609297786048, 0.008587004787781483, 306.2546587251184, 1, 0.3793171217122611, 0.298639392299219, 0.2463319206339482, 0.3427017070623724, 0.36620872920350866, 0.17175695208092523, 0.04690494010382407, 0.17976558155300776, 0.17382122877394085, 0.24089107526302483], "heaviness": 7, "type": 2, "comment": "\u041b\u041f? \u041d\u0414\u0421?", "features": ["std", "var", "sum", "len", "delta", "v10"]}