{"vector": [0.05592145751504056, 0.003127209410606486, 56.738757700817615, 1, 0.22800819345346, 0.09890525511686135, 0.14987236767369957, 0.11218363642925763, 0.125104625458086, 0.17031289598805616, 0.1928172794551259, 0.21772953858369623, 0.19073895070516128, 0.08707119659070572], "heaviness": 0, "type": 0, "comment": "0", "features": ["std", "var", "sum", "len", "delta", "v10"]}