{"vector": [0.06308803864093511, 0.003980100619560122, 46.4768495047437, 1, 0.24130035739105427, 0.114665907466726, 0.030656994508168778, 0.014394081205474918, 0.14349845310154408, 0.031361059046138784, 0.08540222741470266, 0.16381044966531733, 0.16042191278616602, 0.1602439438554747], "heaviness": 0, "type": 0, "comment": "0", "features": ["std", "var", "sum", "len", "delta", "v10"]}