{"vector": [0.055540323165148196, 0.0030847274972890973, 27.835151383336648, 1, 0.25066803405987753, 0.13571119823207262, 0.16669786036743878, 0.09565346677866776, 0.0678110794586162, 0.04219618117097851, 0.10316934843053449, 0.09627439465242577, 0.06666287643896968, 0.022533022782024903], "heaviness": 0, "type": 0, "comment": "0", "features": ["std", "var", "sum", "len", "delta", "v10"]}