{"vector": [0.09900378079857289, 0.009801748612411868, 149.7928366404338, 1, 0.3447982907623084, 0.22287307199663836, 0.2863525073473713, 0.242709135013915, 0.07401307288361492, 0.13927623594098848, 0.1062762269157449, 0.12859449305562454, 0.20589459036993024, 0.33200931711653003], "heaviness": 7, "type": 1, "comment": "\u041b\u041f", "features": ["std", "var", "sum", "len", "delta", "v10"]}