{"vector": [0.14195729701461882, 0.020151874175696707, 319.87056643336626, 1, 0.564473710584276, 0.0793833286782748, 0.0008987722039855983, 0.18305542058520735, 0.3930693202675464, 0.1795724564740191, 0.22887388336166092, 0.30376540406969144, 0.17595382560734918, 0.17317261274004875], "heaviness": 9, "type": 2, "comment": "\u041d\u0414\u0421", "features": ["std", "var", "sum", "len", "delta", "v10"]}