{"vector": [0.07111711339849701, 0.005057643818134683, 15.948976165230365, 1, 0.2555527347677592, 0.03926647695807095, 0.0016032752011059803, 0.07627650764226901, 0.022259546153134413, 0.06652093132351666, 0.02009384290403632, 0.16190738684174533, 0.16788182789018102, 0.03964348039693455], "heaviness": 0, "type": 0, "comment": "0", "features": ["std", "var", "sum", "len", "delta", "v10"]}