{"vector": [0.05839259813813028, 0.0034096955173211763, 94.6907716532874, 1, 0.246287782197458, 0.16134453767741713, 0.10136057183399028, 0.1565126368459313, 0.1448008332060723, 0.10208651767768556, 0.24261684401108763, 0.018219481145530125, 0.060280416852075136, 0.11763605171571964], "heaviness": 4, "type": 1, "comment": "\u041b\u041f+\u041d\u0414\u0421?", "features": ["std", "var", "sum", "len", "delta", "v10"]}