{"vector": [0.18292749875261086, 0.03346246979988645, 111.43948359221207, 1, 0.5988764527540542, 0.18763607164967389, 0.33240868707745214, 0.36848696477201065, 0.4554249107005856, 0.5238659428573451, 0.5522813873967702, 0.4854142377721102, 0.29508420346673175, 0.06362210100181587], "heaviness": 0, "type": 1, "comment": "0", "features": ["std", "var", "sum", "len", "delta", "v10"]}