{"vector": [0.0777018459665184, 0.006037576866604552, 117.94969949985958, 1, 0.418992727833945, 0.12298982497210392, 0.2464279391449377, 0.17601452493148612, 0.17736772866259004, 0.08832611538063473, 0.08122099974854119, 0.19361613201301053, 0.04895638931199797, 0.1896875398267603], "heaviness": 0, "type": 1, "comment": "0", "features": ["std", "var", "sum", "len", "delta", "v10"]}