{"vector": [0.03778721074105824, 0.001427873295589147, 8.947152127510698, 1, 0.1061769979600149, 0.019027951578622027, 0.009666560054107098, 0.005912607666301195, 0.00399645642457791, 0.0034866760386298434, 0.04138154016761364, 0.08735354458022415, 0.10585505299678344, 0.08631972288027578], "heaviness": 0, "type": 0, "comment": "0", "features": ["std", "var", "sum", "len", "delta", "v10"]}