{"vector": [0.05124083263337101, 0.0026256229289611395, 22.55852258863147, 1, 0.1873126595622232, 0.027377266999944166, 0.09186981544330669, 0.11389760611556907, 0.10992141164160302, 0.1146469249892626, 0.13372506117552688, 0.154225718711695, 0.12122204740088316, 0.029457224944813842], "heaviness": 0, "type": 0, "comment": "0", "features": ["std", "var", "sum", "len", "delta", "v10"]}