{"vector": [0.1625887371300429, 0.026435097441542193, 246.1041773495836, 1, 0.6286126047283506, 0.24411387508945254, 0.17062839152191095, 0.11784526241036553, 0.15289757045804414, 0.04597718198742956, 0.1537285462985234, 0.15789837296270526, 0.4735851227729646, 0.5218307133261593], "heaviness": 10, "type": 2, "comment": "\u041b\u041f", "features": ["std", "var", "sum", "len", "delta", "v10"]}