{"vector": [0.08122265034920902, 0.006597118929749864, 1040.3981392213, 1, 0.49431804666197365, 0.21351646643312178, 0.14886436038474435, 0.1766075361825562, 0.24008278510882541, 0.3096488952956093, 0.12496384286542198, 0.08137806377943463, 0.09858947903125559, 0.0816567599207274], "heaviness": 14, "type": 3, "comment": "\u041d\u0414\u0421", "features": ["std", "var", "sum", "len", "delta", "v10"]}