{"vector": [0.09993810317648012, 0.009987624466512786, 167.31479094666136, 1, 0.37267627874796516, 0.10696460505887495, 0.1994200944310796, 0.19065300914166872, 0.26118405170034326, 0.2882696229919523, 0.26123983040654075, 0.32599101635263905, 0.3081407893255572, 0.12054419627739799], "heaviness": 0, "type": 1, "comment": "0", "features": ["std", "var", "sum", "len", "delta", "v10"]}