{"vector": [0.11513406188480622, 0.01325585220609439, 389.28326308691715, 1, 0.4552699546475291, 0.16204789176383833, 0.39055291539249926, 0.1938721706306178, 0.31661309903094603, 0.38249687492139905, 0.3525539556636669, 0.37632387618825214, 0.21942090094727607, 0.019764098927611745], "heaviness": 8, "type": 2, "comment": "\u041d\u0414\u0421?", "features": ["std", "var", "sum", "len", "delta", "v10"]}