{"vector": [0.10323335389042458, 0.010657125355465641, 463.51585845189095, 1, 0.3840112941124506, 0.25181099689114006, 0.2486704170505647, 0.03895500093373594, 0.0027884998989212706, 0.23484968906011805, 0.24513446574970343, 0.287397835920703, 0.014238046744121213, 0.28381711797144177], "heaviness": 12, "type": 2, "comment": "\u041d\u0414\u0421", "features": ["std", "var", "sum", "len", "delta", "v10"]}