{"vector": [0.18418733366070983, 0.03392497388104165, 91.745352200924, 1, 0.6374696957313308, 0.1504037839234893, 0.3609166004506053, 0.5424894924461721, 0.6360249228494756, 0.5768623666068515, 0.48267795964673993, 0.40443110372556906, 0.3040560814610475, 0.19778311473712512], "heaviness": 0, "type": 1, "comment": "0", "features": ["std", "var", "sum", "len", "delta", "v10"]}