{"vector": [0.04186195935255658, 0.001752423640835099, 16.581354515743115, 1, 0.15760993281861513, 0.0020272973176992948, 0.059647689818278504, 0.025476750685765964, 0.04630812814184282, 0.10979484071453294, 0.11582219474508648, 0.010039140365975863, 0.011218721564689726, 0.027881131804454173], "heaviness": 0, "type": 0, "comment": "0", "features": ["std", "var", "sum", "len", "delta", "v10"]}