{"vector": [0.059450905453372546, 0.0035344101592258417, 49.21485703473805, 1, 0.24306078499989625, 0.07128993154947288, 0.11541259505675203, 0.16225407622950944, 0.21403763374615403, 0.18711162986860763, 0.1067361339713252, 0.04945679291561844, 0.042095666104087215, 0.05287295189213481], "heaviness": 0, "type": 1, "comment": "0", "features": ["std", "var", "sum", "len", "delta", "v10"]}