{"vector": [0.12061401945130218, 0.0145477416881991, 123.50056704277415, 1, 0.4549904533020072, 0.19820035716555418, 0.3019966323824094, 0.20993202453695492, 0.18836235542212199, 0.2937348239235696, 0.3786905581422632, 0.0014938547368517074, 0.16584347361162946, 0.17341435885738046], "heaviness": 0, "type": 1, "comment": "0", "features": ["std", "var", "sum", "len", "delta", "v10"]}