{"vector": [0.07186438982285705, 0.00516449052461156, 48.02369765783758, 1, 0.2631445537012687, 0.03543403978876836, 0.0653464175158407, 0.19814311137613788, 0.22075198095761656, 0.1786284308165656, 0.14173401512878075, 0.10406567811405759, 0.05815372049484174, 0.04530730659543453], "heaviness": 0, "type": 1, "comment": "0", "features": ["std", "var", "sum", "len", "delta", "v10"]}