{"vector": [0.061504874567688925, 0.003782849595587148, 72.8983278833073, 1, 0.2496125643775084, 0.07304159323019505, 0.1080798402833722, 0.19254930064257347, 0.22170093500958, 0.14630041157911816, 0.10832307636179278, 0.18985575734897564, 0.13027764680236653, 0.06506330776844166], "heaviness": 0, "type": 1, "comment": "0", "features": ["std", "var", "sum", "len", "delta", "v10"]}