{"vector": [0.04811118869295058, 0.0023146864774486954, 93.85191050427778, 1, 0.22496244672644727, 0.15543445258725386, 0.13055482444502575, 0.20480950658970898, 0.1915197921805486, 0.13205590399123535, 0.10629011168634223, 0.15006985652005944, 0.22492167265005814, 0.16538788428895018], "heaviness": 0, "type": 1, "comment": "0", "features": ["std", "var", "sum", "len", "delta", "v10"]}