{"vector": [0.061240077921918185, 0.003750347143882611, 18.466520520079335, 1, 0.20006598067685089, 0.037206710063906634, 0.07845970061344887, 0.11659360222640641, 0.15865993211588494, 0.1979671311964606, 0.1197818062853847, 0.06877216423135601, 0.034072057607901884, 0.014053193523985041], "heaviness": 0, "type": 0, "comment": "0", "features": ["std", "var", "sum", "len", "delta", "v10"]}