{"vector": [0.2029106572427756, 0.04117273482269516, 113.33630877601989, 1, 0.7387307114999964, 0.15962065839773454, 0.42936467574383885, 0.6440281714152972, 0.5476916837582246, 0.08907160749496412, 0.06578678222070061, 0.18222290771555105, 0.22243082337224096, 0.17866237498909499], "heaviness": 0, "type": 1, "comment": "0", "features": ["std", "var", "sum", "len", "delta", "v10"]}