{"vector": [0.09498077479781063, 0.009021347581192418, 21.85924667162344, 1, 0.34280022175471986, 0.0996937242610057, 0.13175239871296407, 0.05030223132326389, 0.03543908923017014, 0.1379596371964787, 0.23578911518261875, 0.19180911337797918, 0.053633000176479595, 0.08913032790290915], "heaviness": 0, "type": 0, "comment": "0", "features": ["std", "var", "sum", "len", "delta", "v10"]}