{"vector": [0.14941089279734954, 0.02232361488650108, 616.2663054875337, 1, 0.9715872719716334, 0.12136280853068482, 0.3167665066983717, 0.23927734367784892, 0.21588902291173018, 0.26618115533476117, 0.392346654555494, 0.39130652873444105, 0.12744529344419064, 0.05944944022387966], "heaviness": 10, "type": 2, "comment": "\u041d\u0414\u0421", "features": ["std", "var", "sum", "len", "delta", "v10"]}