{"vector": [0.061230255796542364, 0.0037491442249100097, 12.858355972503462, 1, 0.2765745107747755, 0.041527558670256454, 0.02518069811661572, 0.0046270266073937805, 0.04137649827406353, 0.13558898212190656, 0.06835380711143102, 0.08436891530891477, 0.07974646685825093, 0.12864575566338426], "heaviness": 0, "type": 0, "comment": "0", "features": ["std", "var", "sum", "len", "delta", "v10"]}