{"vector": [0.027474256172366377, 0.000754834752224812, 17.734485757136426, 1, 0.0954045710468781, 0.04249277727766099, 0.08037068785519585, 0.08273272703478757, 0.09420590345121377, 0.0794431143370451, 0.0871465832900406, 0.05509112705773889, 0.04628254951058153, 0.021064651832625014], "heaviness": 0, "type": 0, "comment": "0", "features": ["std", "var", "sum", "len", "delta", "v10"]}