{"vector": [0.09236753353290353, 0.008531761250952058, 84.37756950027074, 1, 0.40799156426008737, 0.17797775002941524, 0.34072859471844014, 0.20300195903913087, 0.14585319369568178, 0.21631937998174539, 0.28115770215423436, 0.24024541525428134, 0.2115728169294907, 0.11005704051280141], "heaviness": 0, "type": 1, "comment": "0", "features": ["std", "var", "sum", "len", "delta", "v10"]}