{"vector": [0.17197515202038866, 0.029575452912435785, 293.4569516870473, 1, 0.7052687069569683, 0.559887917075182, 0.11693495077781696, 0.27068147523620467, 0.19408099584743443, 0.22356208742146394, 0.2005993218819131, 0.08791665905680293, 0.5334614209267712, 0.2622664532129436], "heaviness": 13, "type": 2, "comment": "\u041d\u0414\u0421", "features": ["std", "var", "sum", "len", "delta", "v10"]}