{"vector": [0.056236625273934096, 0.0031625580222008833, 77.50716450573307, 1, 0.2356709205715699, 0.12592028702391184, 0.23259238839909635, 0.1914409244191655, 0.08857299964376797, 0.12642023188663837, 0.11475476249955424, 0.09270934342537293, 0.21433192072660634, 0.11020469288692433], "heaviness": 0, "type": 0, "comment": "0", "features": ["std", "var", "sum", "len", "delta", "v10"]}