{"vector": [0.16432356907089044, 0.027002235352195703, 74.26888172249531, 1, 0.521672133776544, 0.04774759880047974, 0.10814616927282938, 0.22903616520475317, 0.38050068235601747, 0.508836085656946, 0.4546029500813788, 0.364957028743575, 0.25279275328781253, 0.13491071283943706], "heaviness": 0, "type": 1, "comment": "0", "features": ["std", "var", "sum", "len", "delta", "v10"]}