{"vector": [0.13747349824283386, 0.018898962719122444, 58.25745199403114, 1, 0.4137333297193724, 0.05533609714397164, 0.1682422072082293, 0.2807344147204314, 0.3234149187703549, 0.3854636228727305, 0.40289223621114156, 0.3482360145680965, 0.24960881625754383, 0.08297731714096862], "heaviness": 0, "type": 0, "comment": "0", "features": ["std", "var", "sum", "len", "delta", "v10"]}