{"vector": [0.06903806436818506, 0.004766254331705665, 52.94974995050737, 1, 0.25860599119857475, 0.11721737799853937, 0.17742251192750194, 0.2220849294629871, 0.2290912748823399, 0.24674047360162307, 0.23692509218021426, 0.14453161345546478, 0.11471214369571411, 0.08105029434223812], "heaviness": 0, "type": 0, "comment": "0", "features": ["std", "var", "sum", "len", "delta", "v10"]}