{"vector": [0.12303911004814413, 0.015138622601439325, 172.0539185161719, 1, 0.4904580896124461, 0.26800420479957227, 0.4111782250132222, 0.4659735009959007, 0.29884163312097733, 0.23288148549085042, 0.332622672136201, 0.2537094791829871, 0.1775185353894856, 0.11272703959565689], "heaviness": 3, "type": 1, "comment": "\u041b\u041f", "features": ["std", "var", "sum", "len", "delta", "v10"]}