{"vector": [0.03241322386114277, 0.0010506170810725554, 84.36425671999915, 1, 0.1513053906088635, 0.1115850770830824, 0.1385249389472527, 0.12778772528736293, 0.08558445190817177, 0.1185542992406029, 0.1403756646718458, 0.08816945737045312, 0.06691073350640858, 0.058810419986380924], "heaviness": 0, "type": 1, "comment": "0", "features": ["std", "var", "sum", "len", "delta", "v10"]}