{"vector": [0.2843463754200631, 0.08085286121452745, 94.02614693584731, 1, 0.9865736885588114, 0.12442269007980977, 0.10818315842992632, 0.037924172724686456, 0.03890377439353371, 0.03962371047572871, 0.5165924672832976, 0.805160082384639, 0.521568937814529, 0.10621768963683509], "heaviness": 8, "type": 2, "comment": "\u041b\u041f", "features": ["std", "var", "sum", "len", "delta", "v10"]}