{"vector": [0.11487173142809128, 0.013195514681287534, 385.63017631374544, 1, 0.6821049316720816, 0.4409698600909715, 0.18813795786457854, 0.19009466614271447, 0.17391581517731097, 0.16149306880268444, 0.10756171797774194, 0.057156853200389435, 0.07499577768649834, 0.15444311102211716], "heaviness": 9, "type": 2, "comment": "\u041b\u041f+\u041d\u0414\u0421", "features": ["std", "var", "sum", "len", "delta", "v10"]}