{"vector": [0.12398793229150594, 0.015373007353923062, 79.62438446818373, 1, 0.5089780235726225, 0.13084754442274132, 0.16049664283154808, 0.41071142737009547, 0.4807625779901002, 0.3976899700880156, 0.2975676841478785, 0.23969338996103962, 0.22167494674508714, 0.21139182943559803], "heaviness": 0, "type": 0, "comment": "0", "features": ["std", "var", "sum", "len", "delta", "v10"]}