{"vector": [0.15873203173403827, 0.02519585789841573, 61.50055290217247, 1, 0.567524005210471, 0.0019992012534684744, 0.160903803802651, 0.2693463913824713, 0.5086871248239271, 0.3814178158112108, 0.24183260323503858, 0.24441048926638081, 0.20034618548250904, 0.028972523264484518], "heaviness": 0, "type": 1, "comment": "0", "features": ["std", "var", "sum", "len", "delta", "v10"]}