{"vector": [0.12703970643358714, 0.016139087010732002, 88.97917606965326, 1, 0.6078784160450368, 0.42186485525835193, 0.602373185791322, 0.5564006053238599, 0.4260875655124402, 0.3246449549401774, 0.31167853029437553, 0.3525200416465676, 0.3547440109766187, 0.2807947031962563], "heaviness": 0, "type": 0, "comment": "0", "features": ["std", "var", "sum", "len", "delta", "v10"]}