{"vector": [0.025306061903329638, 0.0006403967690551516, 13.683963489854499, 1, 0.08413323002082537, 0.014295020584564722, 0.024064816052766114, 0.04477198809592736, 0.06628762830177215, 0.08217827565253938, 0.07141605547911203, 0.07138012598060267, 0.03949463051241506, 0.02769373775785916], "heaviness": 0, "type": 0, "comment": "0", "features": ["std", "var", "sum", "len", "delta", "v10"]}