{"vector": [0.060444652488745386, 0.0036535560144851935, 33.62935829315146, 1, 0.2154079300005254, 0.03872961089688179, 0.1310262562764879, 0.19794836696667853, 0.21534521872914045, 0.18505298594233457, 0.1206070630766665, 0.13258900802064402, 0.14377639690419738, 0.10555208123021106], "heaviness": 0, "type": 0, "comment": "0", "features": ["std", "var", "sum", "len", "delta", "v10"]}