{"vector": [0.11864125801866555, 0.014075748104251573, 74.9917149269591, 1, 0.3906443275722101, 0.06491617711350639, 0.2624696854524165, 0.2851136636004959, 0.2753234354186368, 0.1808494381279655, 0.2580815136094083, 0.3408795687694992, 0.2303799349514632, 0.02992164085358473], "heaviness": 0, "type": 0, "comment": "0", "features": ["std", "var", "sum", "len", "delta", "v10"]}