{"vector": [0.2608051847644982, 0.06801934440004405, 512.1215525277496, 1, 0.9975682763905581, 0.4434019637581148, 0.07838705386525335, 0.5881682598557768, 0.8543011371427086, 0.16995075760529854, 0.4297899773789381, 0.1792560064855706, 0.10453706707387411, 0.16736899149758755], "heaviness": 165, "type": 3, "comment": "\u041b\u041f", "features": ["std", "var", "sum", "len", "delta", "v10"]}