{"vector": [0.03283738789005455, 0.001078294043441901, 11.938608175446703, 1, 0.11270717920406137, 0.05154565280101142, 0.09539200810329374, 0.11238468430297133, 0.10383787449435888, 0.07048404713339285, 0.034802607639449756, 0.02587701416589616, 0.03016010481005016, 0.03678191790670837], "heaviness": 0, "type": 0, "comment": "0", "features": ["std", "var", "sum", "len", "delta", "v10"]}