{"vector": [0.16750826223106455, 0.028059017915671086, 323.3239036582392, 1, 0.6986627936542463, 0.18730628619715806, 0.2558764589397095, 0.3727348478169312, 0.5776927918428011, 0.2776500388154834, 0.03227555961369069, 0.10079150253277708, 0.13171977725530526, 0.09541252544197329], "heaviness": 8, "type": 2, "comment": "\u041b\u041f", "features": ["std", "var", "sum", "len", "delta", "v10"]}