{"vector": [0.08495130330521268, 0.007216723933254239, 25.661327778331838, 1, 0.2652218266971642, 0.007270433500325912, 0.0023181513901371353, 0.13026058663709036, 0.14480604593389002, 0.1805251012524554, 0.21489515248967267, 0.179627681113333, 0.15084657761899806, 0.042385790631377596], "heaviness": 0, "type": 0, "comment": "0", "features": ["std", "var", "sum", "len", "delta", "v10"]}