{"vector": [0.20909200468454378, 0.04371946642300128, 78.81935500930838, 1, 0.781551389589897, 0.06224946002895837, 0.24709636538554786, 0.09637278249901826, 0.16628760196255904, 0.02004252739475626, 0.050501530282233975, 0.40063784402927566, 0.6094930762054016, 0.02275332028399396], "heaviness": 0, "type": 1, "comment": "0", "features": ["std", "var", "sum", "len", "delta", "v10"]}