{"vector": [0.018533675434383196, 0.00034349712510705916, 12.08331332257826, 1, 0.06286606566715214, 0.010832953091283515, 0.027344919381659505, 0.03420763394473847, 0.03719232820590812, 0.050175420640564905, 0.056316580719355414, 0.0627837250327532, 0.05650110471489089, 0.03183363529171657], "heaviness": 0, "type": 0, "comment": "0", "features": ["std", "var", "sum", "len", "delta", "v10"]}