{"vector": [0.18402524745868845, 0.03386529170223152, 357.09934043737286, 1, 0.8226843369498096, 0.509995685108745, 0.32677144233402866, 0.7110916094006956, 0.5592713831363796, 0.4343402458698843, 0.1428881561602157, 0.7599931510153825, 0.3263263684881502, 0.38457427332376726], "heaviness": 6, "type": 2, "comment": "\u041d\u0414\u0421+\u041b\u041f?", "features": ["std", "var", "sum", "len", "delta", "v10"]}