{"vector": [0.09344184014308884, 0.008731377489326569, 96.50899708363225, 1, 0.44702797380940007, 0.35085928462265636, 0.4285900285373341, 0.33793252866285023, 0.28419855189589194, 0.3370889723620009, 0.38613756557463397, 0.43401444475628337, 0.4266809717730645, 0.28687302173841533], "heaviness": 0, "type": 0, "comment": "0", "features": ["std", "var", "sum", "len", "delta", "v10"]}