{"vector": [0.0443451323192548, 0.0019664907604122167, 23.971735150971522, 1, 0.12648915619033996, 0.00839150276766265, 0.04942052250330653, 0.1106025049271373, 0.11751034897179957, 0.12304204084495085, 0.1217714612434212, 0.12103576998001997, 0.11417251041889676, 0.06070601168102785], "heaviness": 0, "type": 0, "comment": "0", "features": ["std", "var", "sum", "len", "delta", "v10"]}