{"vector": [0.2818323379084193, 0.07942946669092542, 705.7740805478594, 1, 0.9714686805649017, 0.9138633620713641, 0.9639865245332949, 0.9672497501506112, 0.9616139177656313, 0.9636602812216535, 0.9682352458714754, 0.9635393836731553, 0.9650803806120665, 0.6977735967813249], "heaviness": 15, "type": 3, "comment": "\u041b\u041f", "features": ["std", "var", "sum", "len", "delta", "v10"]}