{"vector": [0.06437254329585004, 0.0041438243303760875, 139.04755255886178, 1, 0.3534786699574896, 0.28408057018242056, 0.3483231419995429, 0.2710949674561088, 0.21682913969036804, 0.2542076025834132, 0.2946821267775562, 0.31440636284748763, 0.27399544842191176, 0.20583197474634735], "heaviness": 0, "type": 1, "comment": "0", "features": ["std", "var", "sum", "len", "delta", "v10"]}