{"vector": [0.029460546584075077, 0.0008679238050324577, 7.333645958802021, 1, 0.103089714642428, 0.015483097081886055, 0.011588257955878811, 0.015208282502735981, 0.030703500049394095, 0.04627842037848656, 0.055520422999765506, 0.07094544332746677, 0.06999965595538188, 0.03425172956102762], "heaviness": 0, "type": 0, "comment": "0", "features": ["std", "var", "sum", "len", "delta", "v10"]}