{"vector": [0.1073052575841445, 0.0115144183051996, 134.8939292414094, 1, 0.4931611336959259, 0.35072036503841736, 0.37944038232903754, 0.011768819579379364, 0.10858595160733614, 0.08706137469227881, 0.18860585468124824, 0.17918723421540328, 0.11199135853362435, 0.11059975166283892], "heaviness": 0, "type": 1, "comment": "0", "features": ["std", "var", "sum", "len", "delta", "v10"]}