{"vector": [0.27562973021384335, 0.07597174817775607, 159.00269647521563, 1, 0.994720232083605, 0.13616219004085983, 0.18905869588263224, 0.111769499742849, 0.08959610373166355, 0.3651620960906728, 0.886508972215663, 0.6806756386728844, 0.2345905650374286, 0.09568058086664993], "heaviness": 11, "type": 2, "comment": "\u041b\u041f", "features": ["std", "var", "sum", "len", "delta", "v10"]}