{"vector": [0.15392678626764036, 0.02369345553068384, 115.64300610101661, 1, 0.485965540931698, 0.16646949777765904, 0.2882128219853647, 0.36914030923191266, 0.37280956430226697, 0.4304163956065201, 0.3543916282972759, 0.095578960794541, 0.12155132273809541, 0.06799139072019264], "heaviness": 4, "type": 1, "comment": "\u041b\u041f?", "features": ["std", "var", "sum", "len", "delta", "v10"]}