{"vector": [0.058535311144871115, 0.003426382650826873, 41.12062389217824, 1, 0.28587647566055624, 0.08829992882577614, 0.21622177844367169, 0.11853208976551416, 0.10879783572466856, 0.15014834859467235, 0.2547978596722957, 0.17070603322114736, 0.15201096466036562, 0.1416282467511078], "heaviness": 0, "type": 0, "comment": "0", "features": ["std", "var", "sum", "len", "delta", "v10"]}