{"vector": [0.15805892835778776, 0.024982624833612282, 56.2642509223974, 1, 0.48223897830193274, 0.08246334018176632, 0.16516867480081776, 0.2503004917011067, 0.36678894963098857, 0.4436068422211083, 0.4377389407231817, 0.27567864435891976, 0.004719686550524127, 0.05219207745414439], "heaviness": 0, "type": 1, "comment": "0", "features": ["std", "var", "sum", "len", "delta", "v10"]}