{"vector": [0.05317911320737301, 0.002828018081522594, 46.296862826029944, 1, 0.19682601406327604, 0.10771493061368553, 0.18522603491687017, 0.18513518499111015, 0.08854635851155757, 0.054614866513502336, 0.08823817524955957, 0.1248797982878797, 0.1645229734719882, 0.11362894713719235], "heaviness": 0, "type": 0, "comment": "0", "features": ["std", "var", "sum", "len", "delta", "v10"]}