{"vector": [0.18599270969312712, 0.03459328805899186, 83.34512716689022, 1, 0.9261143153632954, 0.47207923194552026, 0.19365722866197227, 0.0958615310236497, 0.07244840353555415, 0.28058160578848135, 0.2465288343646761, 0.3388930918446109, 0.4458783357397812, 0.22104839949738087], "heaviness": 0, "type": 0, "comment": "0", "features": ["std", "var", "sum", "len", "delta", "v10"]}