{"vector": [0.1949229469428565, 0.037994955244887656, 85.14761819065998, 1, 0.662235849482179, 0.10636986527449188, 0.27220009164506087, 0.48011131429377174, 0.513947281675764, 0.5241984579198143, 0.49043906363565104, 0.44733800114751443, 0.3218264206127802, 0.08693936273191744], "heaviness": 0, "type": 1, "comment": "0", "features": ["std", "var", "sum", "len", "delta", "v10"]}