{"vector": [0.03158723315330458, 0.0009977532982812236, 43.98524089909393, 1, 0.1303903463016487, 0.0784389853605647, 0.07582538305682973, 0.08223033159749377, 0.06011342687510479, 0.05099316183327274, 0.08082782548913359, 0.007226419664334849, 0.07585096310733463, 0.11427523919247179], "heaviness": 0, "type": 1, "comment": "0", "features": ["std", "var", "sum", "len", "delta", "v10"]}