{"vector": [0.08021262301184082, 0.006434064890439694, 16.122036863986608, 1, 0.3064828176417896, 0.030409848789813954, 0.04521504083428293, 0.027849242314333028, 0.1165949349063019, 0.031940329200032425, 0.15946509782504364, 0.18912761944285317, 0.04359479732195248, 0.07183812929787026], "heaviness": 0, "type": 0, "comment": "0", "features": ["std", "var", "sum", "len", "delta", "v10"]}