{"vector": [0.12708925303341836, 0.01615167823659224, 92.84668445554803, 1, 0.46229244662539076, 0.2863399190058684, 0.3656872085895889, 0.340322743238788, 0.2612860586552166, 0.14945353044134546, 0.015136928629710888, 0.12490024445014741, 0.23676027380073716, 0.29761763504825206], "heaviness": 0, "type": 1, "comment": "0", "features": ["std", "var", "sum", "len", "delta", "v10"]}