{"vector": [0.10016139492921232, 0.010032305034165639, 220.05838928721056, 1, 0.49488098016715565, 0.08104870586508706, 0.3204917336905428, 0.2477916657625957, 0.22432314776405687, 0.18067884618895835, 0.0864025121274854, 0.013800811638080779, 0.05347297043667765, 0.15219827872577185], "heaviness": 5, "type": 2, "comment": "\u041d\u0414\u0421?", "features": ["std", "var", "sum", "len", "delta", "v10"]}