{"vector": [0.10893791950272731, 0.011867470305582696, 209.74818281729335, 1, 0.4354640468014243, 0.2814486663586937, 0.37258633266970254, 0.19897494138943095, 0.11993834288517355, 0.12985977125159068, 0.2159813135065264, 0.13409812249074357, 0.20157377781134966, 0.18026064825186766], "heaviness": 2, "type": 1, "comment": "\u041d\u0414\u0421?", "features": ["std", "var", "sum", "len", "delta", "v10"]}