{"vector": [0.06335790578014996, 0.0040142242248463605, 76.14196521390797, 1, 0.2858920358345094, 0.1634641861127215, 0.2679402092014851, 0.2773338928425808, 0.21200802965345616, 0.19751560521591938, 0.20843796675045473, 0.1853650853119917, 0.20495658380802217, 0.13375397429676983], "heaviness": 0, "type": 0, "comment": "0", "features": ["std", "var", "sum", "len", "delta", "v10"]}