{"vector": [0.17229401106843736, 0.02968522625005082, 173.47913566296492, 1, 0.8144652140308476, 0.22304845142011281, 0.2987874539121224, 0.523785875281221, 0.10167626092691961, 0.3006656478410257, 0.16065940180561433, 0.11989993450743197, 0.05337260232952551, 0.11746537265459961], "heaviness": 10, "type": 2, "comment": "\u041b\u041f", "features": ["std", "var", "sum", "len", "delta", "v10"]}