{"vector": [0.07595154988654608, 0.005768637930168499, 452.4486119499171, 1, 0.4057113078220866, 0.27947849503550837, 0.3876691321563593, 0.08499555844726181, 0.28910475784588, 0.26037448269221986, 0.3060415442682634, 0.3288053006388707, 0.2566127015755896, 0.1539620896925291], "heaviness": 3, "type": 1, "comment": "\u041d\u0414\u0421?", "features": ["std", "var", "sum", "len", "delta", "v10"]}