{"vector": [0.17593993872869854, 0.0309548620398582, 123.0192779272318, 1, 0.6957457618630905, 0.21602764847465655, 0.6233943747400016, 0.2890125445613233, 0.130735070196079, 0.42067917447744, 0.04025631970090382, 0.1736070962883936, 0.07468463954686533, 0.1611028843037582], "heaviness": 0, "type": 1, "comment": "0", "features": ["std", "var", "sum", "len", "delta", "v10"]}