{"vector": [0.16455138909759287, 0.027077159653947403, 38.30856959506064, 1, 0.4961576064230302, 0.04267912846678068, 0.12720368902705126, 0.2587573337339955, 0.34307563563894766, 0.38042729450389595, 0.3683862125208871, 0.30819678326552824, 0.19570940506569934, 0.03013970423632162], "heaviness": 0, "type": 0, "comment": "0", "features": ["std", "var", "sum", "len", "delta", "v10"]}