{"vector": [0.10860344431689374, 0.011794708117492638, 69.9685246198825, 1, 0.43476350515442547, 0.07590043458328621, 0.07198332725534096, 0.08341988153182278, 0.11509291366459351, 0.14425718045210734, 0.21101348032073475, 0.31943024783416213, 0.3464674440913722, 0.14775033873196042], "heaviness": 0, "type": 1, "comment": "0", "features": ["std", "var", "sum", "len", "delta", "v10"]}