{"vector": [0.018900633823865663, 0.00035723395894385476, 10.06107884654575, 1, 0.06295280505146447, 0.03182714209517418, 0.05328264732729662, 0.06272457874525406, 0.05867901874991288, 0.047779287683202665, 0.036780564787773445, 0.02872886392129348, 0.019862363894546764, 0.01032353078291215], "heaviness": 0, "type": 0, "comment": "0", "features": ["std", "var", "sum", "len", "delta", "v10"]}