{"vector": [0.10946924104950098, 0.01198351473595375, 66.33757634491623, 1, 0.3824913661024887, 0.14101608014116718, 0.1908265785461587, 0.04166449706938341, 0.21692706494281733, 0.02184171843101157, 0.19349367510944904, 0.08892073903707248, 0.11812948708192222, 0.14828267687911784], "heaviness": 0, "type": 1, "comment": "0", "features": ["std", "var", "sum", "len", "delta", "v10"]}