{"vector": [0.07237760936858041, 0.005238518337910819, 82.57871246075099, 1, 0.31882857808941845, 0.1567790616288467, 0.28942579344956704, 0.3146884071108646, 0.2332061406913979, 0.1857983333200508, 0.16788669627266478, 0.19206338186848415, 0.1900849187740472, 0.14752691858782413], "heaviness": 7, "type": 1, "comment": "\u041b\u041f?", "features": ["std", "var", "sum", "len", "delta", "v10"]}