{"vector": [0.08440345694592553, 0.007123943544422705, 87.57349917428422, 1, 0.3622619505119996, 0.13960464893667862, 0.34208290399182845, 0.2692779879766213, 0.13715058894908416, 0.12988075270585486, 0.2177665222839269, 0.1716257001218937, 0.11521536757664008, 0.1210217757993759], "heaviness": 0, "type": 1, "comment": "0", "features": ["std", "var", "sum", "len", "delta", "v10"]}