{"vector": [0.08859342995293636, 0.00784879583082584, 113.92290386300557, 1, 0.40345592408348563, 0.22961785427323383, 0.07951204423112862, 0.30621508931828917, 0.027006674008325127, 0.12570366287085372, 0.09613333463070534, 0.173650084662462, 0.07682377061399775, 0.21471701088851364], "heaviness": 0, "type": 1, "comment": "0", "features": ["std", "var", "sum", "len", "delta", "v10"]}