{"vector": [0.15660352561632093, 0.024524664235461683, 57.816533735928886, 1, 0.516336770479459, 0.030618077004668176, 0.054243883062914, 0.11540582314016812, 0.1388527795434834, 0.2879680378459578, 0.31247471050547304, 0.35514862372466593, 0.24901517762970027, 0.070318888113929], "heaviness": 0, "type": 1, "comment": "0", "features": ["std", "var", "sum", "len", "delta", "v10"]}