{"vector": [0.0740720508082123, 0.005486668710934385, 192.33045131588094, 1, 0.26014645351760957, 0.17009815840608086, 0.039166106483966956, 0.10322557549424485, 0.2369677666711991, 0.23335238244272086, 0.11050741347385692, 0.1440437640078213, 0.19097998356103804, 0.24336991957072854], "heaviness": 0, "type": 1, "comment": "0", "features": ["std", "var", "sum", "len", "delta", "v10"]}