{"vector": [0.11037099270174443, 0.012181756029968523, 236.26246710788124, 1, 0.49176118895989523, 0.19959643027734386, 0.4241415058657204, 0.3356130561047359, 0.3139507738805212, 0.2689482262312325, 0.39982114833733373, 0.12715983627442384, 0.16578135874830136, 0.2331445177750342], "heaviness": 0, "type": 1, "comment": "0", "features": ["std", "var", "sum", "len", "delta", "v10"]}