{"vector": [0.11167762326564039, 0.012471891538262303, 189.62989278813035, 1, 0.5343055718659402, 0.3478417928685043, 0.37357652436034644, 0.38048752156024096, 0.2524176519556138, 0.3617438090054261, 0.40921638630455176, 0.30968355969822176, 0.3670575606492232, 0.20671898195589794], "heaviness": 0, "type": 1, "comment": "0", "features": ["std", "var", "sum", "len", "delta", "v10"]}