{"vector": [0.1733903785416279, 0.030064223370809013, 113.72903680450942, 1, 0.6432140768270382, 0.1805611164364061, 0.4679167947278661, 0.4718378283350863, 0.2504127722735103, 0.6076714252191151, 0.5071283841830521, 0.3411687807121573, 0.21523452007468352, 0.15622484354601568], "heaviness": 0, "type": 1, "comment": "0", "features": ["std", "var", "sum", "len", "delta", "v10"]}