{"vector": [0.11923251128664657, 0.0142163917477203, 84.81928122292308, 1, 0.4570688021477684, 0.12592308567645305, 0.2589011459361288, 0.2550657470416581, 0.2302497505239829, 0.0518789986409397, 0.24503077715472055, 0.3737827799909483, 0.026153671197259587, 0.2504230118215044], "heaviness": 0, "type": 0, "comment": "0", "features": ["std", "var", "sum", "len", "delta", "v10"]}