{"vector": [0.09914023843273016, 0.009828786876498586, 36.24084865069579, 1, 0.31123883565156485, 0.050128349687762155, 0.058144273615025374, 0.0316613401833294, 0.12451294503681991, 0.1392527949120435, 0.16888417759018343, 0.21348100082536148, 0.16900090282841118, 0.019239863864154536], "heaviness": 0, "type": 0, "comment": "0", "features": ["std", "var", "sum", "len", "delta", "v10"]}