{"vector": [0.2245940729224021, 0.05044249759187327, 68.47411376335403, 1, 0.7759299994691007, 0.2147808968268395, 0.2920052064113351, 0.4747909052816618, 0.3484871552687504, 0.0032349702650370793, 0.08364410174367651, 0.20159232408975383, 0.5189530718495643, 0.17340558349470728], "heaviness": 0, "type": 1, "comment": "0", "features": ["std", "var", "sum", "len", "delta", "v10"]}