{"vector": [0.07711113851552745, 0.00594612768316086, 59.716922863877464, 1, 0.301497281963065, 0.013287048043493455, 0.18234586963928873, 0.2550303774288294, 0.1970819810568878, 0.14168845987891787, 0.1378155348922191, 0.10412664164913243, 0.11289307791496439, 0.11563050330938751], "heaviness": 0, "type": 1, "comment": "0", "features": ["std", "var", "sum", "len", "delta", "v10"]}