{"vector": [0.2935544506519311, 0.08617421549755705, 91.00946803039571, 1, 0.7931318302894069, 0.023734609469499346, 0.08604196205848447, 0.3341876163734303, 0.6017212486931682, 0.5739317019384493, 0.622306789207657, 0.5324838115354675, 0.3238111097359663, 0.03218571512532123], "heaviness": 11, "type": 2, "comment": "\u041b\u041f", "features": ["std", "var", "sum", "len", "delta", "v10"]}