{"vector": [0.3256283903034756, 0.10603384857163267, 139.99736177433, 1, 0.9946134293969384, 0.1387309113469593, 0.3756278010555591, 0.6503747068435423, 0.8377380897824324, 0.9185714682092143, 0.8864028386308549, 0.7334511658476195, 0.47304060044485025, 0.16223393288740745], "heaviness": 10, "type": 3, "comment": "\u041b\u041f", "features": ["std", "var", "sum", "len", "delta", "v10"]}