{"vector": [0.07018481762741201, 0.004925908625393083, 33.5899763406173, 1, 0.27746239759454117, 0.13536196683097274, 0.125799068903251, 0.11671557538994187, 0.12261000780183351, 0.17194235604436245, 0.2466627367712753, 0.2288828578771352, 0.1399513729091082, 0.034293839405646065], "heaviness": 0, "type": 0, "comment": "0", "features": ["std", "var", "sum", "len", "delta", "v10"]}