{"vector": [0.04530154737027553, 0.0020522301941413175, 39.57699287890915, 1, 0.16392668055721815, 0.041012474510519925, 0.05511132533135216, 0.06879723271245469, 0.12261136479158602, 0.16376873976484457, 0.14615072080171976, 0.10251908269343818, 0.0681515300707024, 0.06314091963024904], "heaviness": 0, "type": 0, "comment": "0", "features": ["std", "var", "sum", "len", "delta", "v10"]}