{"vector": [0.14374816874435067, 0.020663536017354312, 79.28792792657296, 1, 0.45766618405956616, 0.19907089081037732, 0.3625617027919128, 0.4404280406821214, 0.45766618405956616, 0.4413684684356919, 0.39198290722351586, 0.3013042495610194, 0.1634353337409823, 0.10431681218741162], "heaviness": 0, "type": 1, "comment": "\u041b\u041f?", "features": ["std", "var", "sum", "len", "delta", "v10"]}