{"vector": [0.07679738816039851, 0.005897838828258918, 39.774499061456204, 1, 0.277453629512583, 0.04883937585575632, 0.18934488637656272, 0.012318467181137271, 0.014282986166525624, 0.04322253834697304, 0.0034027705669748554, 0.048831242646706186, 0.13262850697623396, 0.09223515229833307], "heaviness": 0, "type": 1, "comment": "0", "features": ["std", "var", "sum", "len", "delta", "v10"]}