{"vector": [0.14171833333375797, 0.020084086002898134, 207.36481144873147, 1, 0.551935226025849, 0.3222971965297309, 0.2216295670072299, 0.29284578831575114, 0.4629582321795846, 0.2763340207171869, 0.08080077958096077, 0.36377756787936333, 0.13919828014485036, 0.057370688459697616], "heaviness": 6, "type": 1, "comment": "\u041b\u041f?", "features": ["std", "var", "sum", "len", "delta", "v10"]}