{"vector": [0.020974945669224622, 0.0004399483458269248, 0.9386469766263792, 1, 0.08124424261246171, 0.05230996211504474, 0.0070453089756915555, 0.0009493287182615884, 0.016264699274915695, 0.0006025687051789408, 0.0035945953111264917, 0.003087087106341313, 0.024509483835093993, 0.024484070866593155], "heaviness": 0, "type": 0, "comment": "0", "features": ["std", "var", "sum", "len", "delta", "v10"]}