{"vector": [0.04016478726584483, 0.001613210136110571, 20.015085131442618, 1, 0.19071372129020198, 0.07646470064927163, 0.11577852806777256, 0.078602894365212, 0.009682563456308413, 0.04348206806520233, 0.06275810696425826, 0.08072507943966362, 0.1006590523020317, 0.045903013561559514], "heaviness": 0, "type": 0, "comment": "0", "features": ["std", "var", "sum", "len", "delta", "v10"]}