{"vector": [0.3107130187480047, 0.09654258001949795, 106.43374463320366, 1, 0.925174747072649, 0.02444618372434948, 0.2438196751659582, 0.5219494035890297, 0.7495407046653195, 0.7919932228739774, 0.6576861959807319, 0.41853541103497716, 0.1698269616956391, 0.08358352478768405], "heaviness": 8, "type": 2, "comment": "\u041b\u041f", "features": ["std", "var", "sum", "len", "delta", "v10"]}