{"vector": [0.07167810058877722, 0.005137750104014865, 45.97080024316081, 1, 0.27434003004961016, 0.10220976704305307, 0.1721302630065571, 0.09083927513098322, 0.1208968932545102, 0.12186462194099962, 0.1284091855419568, 0.1278361059305152, 0.16239807555839175, 0.07410451353538122], "heaviness": 0, "type": 1, "comment": "0", "features": ["std", "var", "sum", "len", "delta", "v10"]}