{"vector": [0.06942722394552606, 0.004820139424782227, 50.16071982918697, 1, 0.28083885216193877, 0.09548297977728815, 0.19695201698443987, 0.26718405522812877, 0.23992834644038635, 0.18409165592191568, 0.13224426231003983, 0.1599894336948275, 0.17159740696227493, 0.12121747724102117], "heaviness": 0, "type": 0, "comment": "0", "features": ["std", "var", "sum", "len", "delta", "v10"]}