{"vector": [0.16205021898277913, 0.026260273472366674, 121.97506790230281, 1, 0.6198307930723823, 0.10752556379831285, 0.06195606974520279, 0.36187604078221086, 0.2952069123795156, 0.0840215476317685, 0.33476705399462087, 0.2866918073081158, 0.0435950812367647, 0.0915523072399359], "heaviness": 0, "type": 1, "comment": "0", "features": ["std", "var", "sum", "len", "delta", "v10"]}