{"vector": [0.19227799007480179, 0.03697082546720557, 50.938547198121306, 1, 0.5362099312042717, 0.0, 0.40227627928010506, 0.5237727434293671, 0.2734530451341208, 0.14178387330429004, 0.4446815081273721, 0.36322671555124625, 0.1403564761762031, 0.02100271862587072], "heaviness": 0, "type": 0, "comment": "0", "features": ["std", "var", "sum", "len", "delta", "v10"]}