{"vector": [0.16017275975405182, 0.0256553129672292, 1238.4375419330247, 1, 0.9998341893821783, 0.33412121085454033, 0.20884424205616653, 0.40940210610479566, 0.4738949732344369, 0.26941582187475704, 0.3519021216200201, 0.3065221364267356, 0.35606787571763976, 0.33059031695481206], "heaviness": 18, "type": 3, "comment": "\u041d\u0414\u0421+\u041b\u041f", "features": ["std", "var", "sum", "len", "delta", "v10"]}