{"vector": [0.13828123637047046, 0.019121700332145924, 111.8290486522643, 1, 0.6063566236213214, 0.08928011170778816, 0.15983188179120322, 0.2509329851818992, 0.22538385881108258, 0.2488534154731069, 0.28024665757467515, 0.32720830055893135, 0.5339258846803485, 0.34745463856521397], "heaviness": 10, "type": 2, "comment": "\u041b\u041f", "features": ["std", "var", "sum", "len", "delta", "v10"]}