{"vector": [0.08269112336399992, 0.006837821883200254, 35.924997182367505, 1, 0.3098744063099896, 0.06293596065021173, 0.22373153565426973, 0.08116041614304403, 0.0002990085249435226, 0.1594489101333132, 0.006561494459665529, 0.08542115343853585, 0.15977407669960125, 0.011554825901331278], "heaviness": 0, "type": 0, "comment": "0", "features": ["std", "var", "sum", "len", "delta", "v10"]}