{"vector": [0.05411204568578258, 0.002928113488300221, 27.859313265191204, 1, 0.18520628297257563, 0.05421788484483753, 0.1609799676458843, 0.17453652140812342, 0.11078133169324761, 0.012928906903028614, 0.029447145497337568, 0.10052039899396659, 0.12864805057293532, 0.060096876414606426], "heaviness": 0, "type": 0, "comment": "0", "features": ["std", "var", "sum", "len", "delta", "v10"]}