{"vector": [0.09002248248165234, 0.008104047352159402, 34.05302592665181, 1, 0.379863516150188, 0.06234233992862925, 0.13489197714061296, 0.1732836999551669, 0.13174235433275405, 0.007435270802066185, 0.0023235346187487904, 0.19732388700227266, 0.2376190486820593, 0.14491797357335912], "heaviness": 0, "type": 0, "comment": "0", "features": ["std", "var", "sum", "len", "delta", "v10"]}