{"vector": [0.07697567987348998, 0.00592525529198601, 20.902774805093486, 1, 0.22626157787446122, 0.038630750144449416, 0.06380430401175838, 0.15205886955155312, 0.18180106939624863, 0.1962041075254491, 0.21537384642521118, 0.11048029149750693, 0.021158466263095643, 0.01906520617645663], "heaviness": 0, "type": 0, "comment": "0", "features": ["std", "var", "sum", "len", "delta", "v10"]}