{"vector": [0.34735830357428304, 0.12065779106200378, 65.41191405120195, 1, 1.0, 0.09580016401314817, 0.017681406081738738, 0.28806001399070413, 0.5357494357070646, 0.7263713184936339, 0.7468398053581331, 0.7793398287445394, 0.06281726015726263, 0.06281726015726263], "heaviness": 0, "type": 1, "comment": "\u041b\u041f", "features": ["std", "var", "sum", "len", "delta", "v10"]}