{"vector": [0.08794947607860469, 0.007735110342501059, 40.20331293251666, 1, 0.3506762351920688, 0.06625618864648208, 0.16260316727173374, 0.09969355940166513, 0.024290324257828982, 0.03261034645840519, 0.14438051222880563, 0.22908699876547056, 0.22213829226829307, 0.07304938759697271], "heaviness": 0, "type": 0, "comment": "0", "features": ["std", "var", "sum", "len", "delta", "v10"]}