{"vector": [0.12217581826168504, 0.014926930567912292, 55.28791281209779, 1, 0.4802832696131521, 0.09273466384082232, 0.2933272778728486, 0.18378370846735725, 0.1143885292818993, 0.03433377579090169, 0.11075418392335878, 0.09779162485428494, 0.004039390389340869, 0.18546060453392577], "heaviness": 0, "type": 1, "comment": "0", "features": ["std", "var", "sum", "len", "delta", "v10"]}