{"vector": [0.20592891429606305, 0.042406717743155284, 290.54715182737687, 1, 0.99725959050431, 0.07830164824193434, 0.6913076243684453, 0.25768732763492425, 0.32724271167148083, 0.3920509511680587, 0.46684188829165124, 0.3483289245600466, 0.2764556578560527, 0.27318416931662565], "heaviness": 7, "type": 2, "comment": "\u041b\u041f", "features": ["std", "var", "sum", "len", "delta", "v10"]}