{"vector": [0.04169757850109155, 0.0017386880528546921, 23.792240280225595, 1, 0.140040327793625, 0.06262324272384567, 0.10874596832568195, 0.1355152429758386, 0.13308142050140742, 0.130206818442048, 0.10995683907985382, 0.09421103461307812, 0.06852976097034147, 0.03363728903204477], "heaviness": 0, "type": 0, "comment": "0", "features": ["std", "var", "sum", "len", "delta", "v10"]}