{"vector": [0.0700040261941811, 0.004900563683395593, 117.24023033812419, 1, 0.3304186502578459, 0.29916525906206964, 0.1378488892044306, 0.15057947293913732, 0.16542371184411075, 0.10069928012659213, 0.04619079888968736, 0.15444171449509103, 0.17004939143066067, 0.09701310009620667], "heaviness": 0, "type": 1, "comment": "0", "features": ["std", "var", "sum", "len", "delta", "v10"]}