{"vector": [0.21578588418753908, 0.04656354781459803, 252.23908438222233, 1, 0.8419678402054218, 0.307436045796751, 0.1167521989040132, 0.12124589539247765, 0.1941093255945755, 0.5874164338418102, 0.6854263458123645, 0.5264665513707608, 0.4307970258654884, 0.2590171472184576], "heaviness": 10, "type": 2, "comment": "\u041b\u041f", "features": ["std", "var", "sum", "len", "delta", "v10"]}