{"vector": [0.1208804878811209, 0.014612092350377815, 151.75339467664324, 1, 0.483887404219259, 0.1314855242231076, 0.1577276645698556, 0.23664537308526168, 0.31178478398353754, 0.34791764627554295, 0.3015006369239238, 0.2617809480371299, 0.20718226807889883, 0.04273275694369777], "heaviness": 0, "type": 1, "comment": "0", "features": ["std", "var", "sum", "len", "delta", "v10"]}