{"vector": [0.15650350907557622, 0.024493348352968968, 131.6611409550593, 1, 0.5335778975185322, 0.13023877525316682, 0.007931832582860537, 0.0676868607836296, 0.11206830427798162, 0.3605326700570056, 0.4726943573711627, 0.4079178339556063, 0.27900163352083485, 0.21806569288354807], "heaviness": 0, "type": 1, "comment": "0", "features": ["std", "var", "sum", "len", "delta", "v10"]}