{"vector": [0.09629508451594852, 0.009272743301933669, 134.66090005084598, 1, 0.4106727918369651, 0.2984897091105301, 0.3330162260478745, 0.1808307351409858, 0.0697843309375375, 0.15053548487661306, 0.24449667639027467, 0.2107267442593484, 0.2553286076056094, 0.28752046792838326], "heaviness": 0, "type": 0, "comment": "0", "features": ["std", "var", "sum", "len", "delta", "v10"]}