{"vector": [0.1409505974389496, 0.019867070918396824, 69.51993269462797, 1, 0.4271932971854149, 0.039855292473299886, 0.1473366073728709, 0.31766193976485774, 0.38049790953593865, 0.42407807146339593, 0.37146396603338094, 0.2581578391986602, 0.15033052997698687, 0.10879363212118365], "heaviness": 5, "type": 1, "comment": "\u041b\u041f", "features": ["std", "var", "sum", "len", "delta", "v10"]}