{"vector": [0.2845599709787759, 0.08097437708344177, 661.1563042480223, 1, 0.9921065206973593, 0.4318973866857604, 0.5046011943088844, 0.4510140232367227, 0.5911349545881422, 0.9446501296248586, 0.41040976642145666, 0.2926922854417351, 0.2701868118735563, 0.8323781556213337], "heaviness": 16, "type": 3, "comment": "\u041b\u041f+\u041d\u0414\u0421", "features": ["std", "var", "sum", "len", "delta", "v10"]}