{"vector": [0.14365297091145185, 0.020636176051686432, 69.93453473732228, 1, 0.5767577247502735, 0.11804279783817662, 0.46506025752457364, 0.3528963720538459, 0.010220071242434903, 0.09520919212771833, 0.022314723210808296, 0.08702130337494512, 0.21266601440442234, 0.13569671494422186], "heaviness": 0, "type": 1, "comment": "0", "features": ["std", "var", "sum", "len", "delta", "v10"]}