{"vector": [0.16990325129059888, 0.028867114799116387, 118.83500301463911, 1, 0.5288021139925003, 0.1936169408456038, 0.07703569202379495, 0.03512578188960991, 0.24367952744871388, 0.4450100739048978, 0.48740501661313007, 0.3815610412278265, 0.2203222615877218, 0.05412101204061767], "heaviness": 8, "type": 2, "comment": "\u041b\u041f", "features": ["std", "var", "sum", "len", "delta", "v10"]}