{"vector": [0.20193777868833312, 0.04077886646157821, 282.4481645912885, 1, 0.9963014622864697, 0.19713213829689935, 0.3468105265627319, 0.47401412026413225, 0.40005644606178803, 0.47933434053150836, 0.44847394618357206, 0.04360113814945166, 0.5342230292963995, 0.6529953059387297], "heaviness": 0, "type": 1, "comment": "0", "features": ["std", "var", "sum", "len", "delta", "v10"]}