{"vector": [0.07275453777740958, 0.005293222767204517, 42.37402642755642, 1, 0.25937380709780056, 0.008018701320705923, 0.05692134950806471, 0.16556946518182603, 0.2225403237745881, 0.1885619743261826, 0.11411769583191289, 0.09392177518464628, 0.14837413701952473, 0.15947123462858792], "heaviness": 0, "type": 0, "comment": "0", "features": ["std", "var", "sum", "len", "delta", "v10"]}