{"vector": [0.04953144253680012, 0.0024533637997763325, 44.84842129866528, 1, 0.24868805670470578, 0.07733490089414252, 0.12474930172968896, 0.08061818829296508, 0.05686143599510418, 0.11057053387617194, 0.13002221887026807, 0.06945105227497858, 0.14074456560599172, 0.11396786926254857], "heaviness": 0, "type": 0, "comment": "0", "features": ["std", "var", "sum", "len", "delta", "v10"]}