{"vector": [0.09442448439059464, 0.008915983252429652, 159.84898308119023, 1, 0.3984338357990606, 0.2735689135562858, 0.3311637486916287, 0.22640573526953667, 0.2179598829622612, 0.27707333656883293, 0.009548338180570215, 0.16685215125312958, 0.15201592234976286, 0.15520102864050817], "heaviness": 0, "type": 1, "comment": "0", "features": ["std", "var", "sum", "len", "delta", "v10"]}