{"vector": [0.13413265020524182, 0.017991567851081754, 111.00959406942019, 1, 0.49516666044927127, 0.01720346585759036, 0.1949945742825418, 0.36438710174457195, 0.03140557158556234, 0.26120239256065375, 0.3363320148609084, 0.07490908883574104, 0.22365685999119445, 0.14938508982386944], "heaviness": 0, "type": 1, "comment": "0", "features": ["std", "var", "sum", "len", "delta", "v10"]}