{"vector": [0.32603613520287744, 0.10629956145802896, 170.09404771263272, 1, 0.9983563758149241, 0.24887725038930555, 0.9128071457361168, 0.920518289513096, 0.28458523048035966, 0.17662913651383014, 0.7514724905964248, 0.8836821446738402, 0.28625347892506614, 0.23258823006001758], "heaviness": 3, "type": 1, "comment": "\u041b\u041f", "features": ["std", "var", "sum", "len", "delta", "v10"]}