{"vector": [0.04924895313901924, 0.0024254593852893126, 103.45578133076873, 1, 0.2706065307588278, 0.10387652490460159, 0.08631746610681706, 0.11133166290084512, 0.12408176984458458, 0.1053940848394243, 0.1550797771065206, 0.12677289201134423, 0.17223962907638013, 0.2107888253572941], "heaviness": 0, "type": 1, "comment": "0", "features": ["std", "var", "sum", "len", "delta", "v10"]}