{"vector": [0.12527849984199663, 0.01569470252266115, 350.5920165264415, 1, 0.5502020631505167, 0.09260423357193609, 0.1264021326884388, 0.38602576683336187, 0.39260790339731955, 0.3441192668847711, 0.31658772931188406, 0.08755159581143829, 0.3357874314829449, 0.26894919288891816], "heaviness": 0, "type": 1, "comment": "0", "features": ["std", "var", "sum", "len", "delta", "v10"]}