{"vector": [0.053284634769881926, 0.00283925230255971, 59.98628503639315, 1, 0.22162995812872555, 0.1290834745885654, 0.09122195159874835, 0.03862330885214138, 0.10820954228503765, 0.20288279550705346, 0.18048996986120114, 0.16302540688756206, 0.15005600745339226, 0.13821772924539943], "heaviness": 0, "type": 0, "comment": "0", "features": ["std", "var", "sum", "len", "delta", "v10"]}