{"vector": [0.10070356533534464, 0.010141208071250025, 45.11381984839781, 1, 0.47529098434198336, 0.19428450718630785, 0.15886486617644424, 0.2080859630076864, 0.14730043273523757, 0.005361944551497855, 0.06394066393182535, 0.16847080252904023, 0.11345911493942173, 0.10587945669792587], "heaviness": 0, "type": 1, "comment": "0", "features": ["std", "var", "sum", "len", "delta", "v10"]}