{"vector": [0.09657747134605447, 0.009327207971597973, 193.70003309718822, 1, 0.367212814474227, 0.2893045510476104, 0.2226042240633177, 0.08583482446091878, 0.006038277628395039, 0.30932375086876246, 0.3069677353966764, 0.1992301693000279, 0.12321005463182805, 0.13543311781658268], "heaviness": 0, "type": 1, "comment": "0", "features": ["std", "var", "sum", "len", "delta", "v10"]}