{"vector": [0.08846211960965229, 0.007825546605832429, 69.6441108428475, 1, 0.34215103863741547, 0.12489734979730827, 0.24559354112589987, 0.29915005872639605, 0.24286959635261468, 0.19311677242746217, 0.26940442641585066, 0.339726331284434, 0.28515154377460333, 0.16754574669884637], "heaviness": 0, "type": 0, "comment": "0", "features": ["std", "var", "sum", "len", "delta", "v10"]}