{"vector": [0.10807060715585576, 0.011679256131035301, 107.85674858287639, 1, 0.3489933120337325, 0.09321401074635033, 0.2188295276195819, 0.2575201059859159, 0.2361397794124197, 0.24908421681462978, 0.25076448719367916, 0.006376919174468143, 0.021166998030469508, 0.18854805869747016], "heaviness": 0, "type": 1, "comment": "0", "features": ["std", "var", "sum", "len", "delta", "v10"]}