{"vector": [0.05325169994866939, 0.0028357435474231155, 29.645333865159166, 1, 0.19119695977676923, 0.05050510265524455, 0.10650813068492634, 0.15275991216762344, 0.1852357749040842, 0.1894302430765095, 0.15081018902173002, 0.11259487575288088, 0.0817908041276415, 0.08063146121193829], "heaviness": 0, "type": 0, "comment": "0", "features": ["std", "var", "sum", "len", "delta", "v10"]}