{"vector": [0.12613501302635932, 0.015910041511159833, 81.00806439032344, 1, 0.46024688326043683, 0.12952413418993192, 0.29671550478083, 0.4362927527489634, 0.4389864267125815, 0.31104425356890875, 0.21492963282329625, 0.165133729400736, 0.15124740956235128, 0.13672974186274578], "heaviness": 0, "type": 0, "comment": "\u041b\u041f? \u043b\u0435\u0433\u043a\u0430\u044f\u044f", "features": ["std", "var", "sum", "len", "delta", "v10"]}