{"vector": [0.03631431200667192, 0.0013187292565179165, 11.942006680877352, 1, 0.13251637066454008, 0.024790099849670344, 0.032933454362890247, 0.03999592281792841, 0.052768260781803106, 0.058152977484558444, 0.09197421757103877, 0.1274987895793482, 0.07198438197653048, 0.009420964887187189], "heaviness": 0, "type": 0, "comment": "0", "features": ["std", "var", "sum", "len", "delta", "v10"]}