{"vector": [0.07536536109265055, 0.005679937652625604, 514.0125041299497, 1, 0.40837248853493713, 0.07484361505021953, 0.0964998615410565, 0.1242206445759903, 0.15490575481725516, 0.27736660625128395, 0.050940932286386464, 0.03564911840752816, 0.08903190281731543, 0.10540699786410901], "heaviness": 12, "type": 2, "comment": "\u041d\u0414\u0421", "features": ["std", "var", "sum", "len", "delta", "v10"]}