{"vector": [0.03596924911331084, 0.0012937868817754128, 18.277867693904238, 1, 0.13239793884825873, 0.07185096142399638, 0.11736786729362209, 0.1264962377539562, 0.1321126326561795, 0.12088170855234232, 0.09363575215994874, 0.07991286918621426, 0.06336263002542053, 0.04233031486094782], "heaviness": 0, "type": 0, "comment": "0", "features": ["std", "var", "sum", "len", "delta", "v10"]}