{"vector": [0.09930091277052122, 0.009860671277058664, 52.42142158162852, 1, 0.46596235371021577, 0.08783114542686882, 0.055970584376491606, 0.0169568723133664, 0.30520782291034965, 0.05961183161534206, 0.12158624523259359, 0.01292528539859683, 0.07955302159942085, 0.10679377093777997], "heaviness": 0, "type": 0, "comment": "0", "features": ["std", "var", "sum", "len", "delta", "v10"]}