{"vector": [0.12172693877782653, 0.014817447624220728, 38.04530229750255, 1, 0.4320547100997409, 0.12457716157939719, 0.15101757234391514, 0.05099314592676707, 0.07394469980154783, 0.17348381804343987, 0.32410322457287194, 0.307414704392885, 0.13158955109088127, 0.015720850118205232], "heaviness": 0, "type": 0, "comment": "0", "features": ["std", "var", "sum", "len", "delta", "v10"]}