{"vector": [0.07003634936698702, 0.004905090232654663, 28.813538062412402, 1, 0.2839183490786412, 0.013992781965799783, 0.04267130281757414, 0.009199489018104301, 0.05915717533680698, 0.12989801012738522, 0.1351408366649146, 0.17469991925026207, 0.13502714127905202, 0.06893497081811484], "heaviness": 0, "type": 0, "comment": "0", "features": ["std", "var", "sum", "len", "delta", "v10"]}