{"vector": [0.13083624572934582, 0.017118123196549765, 90.75928702997348, 1, 0.4799896818366061, 0.1624036027306191, 0.1299422048914592, 0.020858297560849726, 0.16859786873473775, 0.31292869001882967, 0.38962232192049345, 0.3460904752304182, 0.25459054923837093, 0.08113010049428515], "heaviness": 0, "type": 1, "comment": "0", "features": ["std", "var", "sum", "len", "delta", "v10"]}