{"vector": [0.0834184411298875, 0.006958636320540507, 156.33078264692048, 1, 0.34135639989431854, 0.20358843091872955, 0.28075992083148815, 0.2579174337927932, 0.20511392787142743, 0.17495759250847584, 0.18608807750962172, 0.15827260833682708, 0.04416041655557609, 0.11821881684709931], "heaviness": 6, "type": 2, "comment": "\u041d\u0414\u0421", "features": ["std", "var", "sum", "len", "delta", "v10"]}