{"vector": [0.026296503241752544, 0.0006915060827435021, 11.725549219516635, 1, 0.0859574054923524, 0.0031803412764762062, 0.005162529244750386, 0.024691437388728504, 0.06242854075946888, 0.0504317778102433, 0.05760620609741432, 0.046213563814938935, 0.07983138878020685, 0.05100486529838777], "heaviness": 0, "type": 0, "comment": "0", "features": ["std", "var", "sum", "len", "delta", "v10"]}