{"vector": [0.16791231744440158, 0.028194546349549484, 132.5139161146377, 1, 0.6248810798182847, 0.10185770712914144, 0.028198621280133174, 0.047213783346171545, 0.15005439377817076, 0.047178226983687566, 0.1618308925098098, 0.23726545096612067, 0.46053638528926755, 0.41863957762650916], "heaviness": 7, "type": 2, "comment": "\u041b\u041f", "features": ["std", "var", "sum", "len", "delta", "v10"]}