{"vector": [0.07668465801413903, 0.005880536774745457, 343.0809407755606, 1, 0.32931476743861965, 0.2025076285433473, 0.17726601765228256, 0.20160205839295248, 0.2508766570853747, 0.29003431900658455, 0.21843047588268805, 0.288816180084352, 0.2846969539230479, 0.08907057739549085], "heaviness": 7, "type": 2, "comment": "\u041d\u0414\u0421?", "features": ["std", "var", "sum", "len", "delta", "v10"]}