{"vector": [0.20408480319502836, 0.041650606895153465, 544.4853792805393, 1, 0.8469889815252238, 0.21624175074913238, 0.05135567323860607, 0.2506730688706195, 0.3545648395636034, 0.4344561350702659, 0.7655051804073425, 0.3414579467465648, 0.14409925755371256, 0.42423268799268987], "heaviness": 15, "type": 3, "comment": "\u041b\u041f", "features": ["std", "var", "sum", "len", "delta", "v10"]}