{"vector": [0.03957533499247214, 0.0015662071397663899, 17.20710371809292, 1, 0.13961957739867237, 0.04561903296477243, 0.11230804391988058, 0.1165652225176993, 0.12323233266808387, 0.08802301466378348, 0.045885398777794295, 0.06208219397367243, 0.035258439547963705, 0.031163592516269434], "heaviness": 7, "type": 2, "comment": "\u041b\u041f", "features": ["std", "var", "sum", "len", "delta", "v10"]}