{"vector": [0.079243636738342, 0.006279553963518306, 309.5841358633205, 1, 0.449998050107649, 0.41116016964562613, 0.23725848536022082, 0.2911750931743056, 0.3173139981495326, 0.30405460010556834, 0.449998050107649, 0.40362987701086717, 0.4009468489976981, 0.35221873498263306], "heaviness": 0, "type": 1, "comment": "0", "features": ["std", "var", "sum", "len", "delta", "v10"]}