{"vector": [0.10639234448098747, 0.011319330964161104, 59.74655853629044, 1, 0.3427211206958764, 0.016117508822459325, 0.15741759539874994, 0.24624053836520166, 0.15044535100165363, 0.09458062008394297, 0.03246668419372756, 0.17725450023920425, 0.22081593541922268, 0.17097879074689937], "heaviness": 0, "type": 1, "comment": "0", "features": ["std", "var", "sum", "len", "delta", "v10"]}