{"vector": [0.1322060823740597, 0.01747844821669666, 184.15224946222568, 1, 0.5483621059087864, 0.05979559136387275, 0.05145038754108261, 0.06161592988688869, 0.1589029574463819, 0.4337200073842248, 0.2574911299542329, 0.06442307394800345, 0.026845951935034196, 0.1518650497223834], "heaviness": 8, "type": 2, "comment": "\u041d\u0414\u0421+\u043c\u0430\u043b\u043e\u0435 \u041b\u041f", "features": ["std", "var", "sum", "len", "delta", "v10"]}