{"vector": [0.09757524756215119, 0.009520928936815092, 45.722487483267905, 1, 0.30221398032482166, 0.03409353440309587, 0.07973018641880719, 0.15639855585230383, 0.24990872815063964, 0.2837355640428831, 0.2533551079442848, 0.16484524522583005, 0.09625889170339824, 0.029512536149248703], "heaviness": 0, "type": 0, "comment": "0", "features": ["std", "var", "sum", "len", "delta", "v10"]}