{"vector": [0.15523442635835122, 0.024097727126806367, 107.4197647683275, 1, 0.5569918867881123, 0.21074321345977837, 0.4339521505380833, 0.5082540837948437, 0.5390670392823398, 0.49881940000842734, 0.39448665229276897, 0.2821276613964039, 0.23581263546610576, 0.147826165372199], "heaviness": 0, "type": 1, "comment": "0", "features": ["std", "var", "sum", "len", "delta", "v10"]}