{"vector": [0.15210481692415406, 0.02313587533153043, 75.32581296670556, 1, 0.4512347057487742, 0.15362676262609176, 0.3155222944728572, 0.40693701405934857, 0.44903759178320446, 0.43594619997731665, 0.39004133490553816, 0.30198024907221593, 0.1641438048517893, 0.02904809401131067], "heaviness": 0, "type": 1, "comment": "0", "features": ["std", "var", "sum", "len", "delta", "v10"]}