{"vector": [0.16494701232544562, 0.027207516875090706, 252.04867670976887, 1, 0.7098792801543385, 0.023802718872872664, 0.3323930551089927, 0.5876975835266935, 0.2731512267550527, 0.2494901248787768, 0.18472549151067547, 0.05666200935118587, 0.1435209590317867, 0.2149063205782235], "heaviness": 17, "type": 3, "comment": "\u041b\u041f", "features": ["std", "var", "sum", "len", "delta", "v10"]}