{"vector": [0.03027812103023889, 0.0009167646131217946, 9.284600862903597, 1, 0.11085009648018884, 0.07694885918877714, 0.04334240583290472, 0.01897910963380256, 0.0325087612600915, 0.01247786648740934, 0.01753876423964118, 0.014439689250942744, 0.0661768414780276, 0.013105404039948865], "heaviness": 0, "type": 0, "comment": "0", "features": ["std", "var", "sum", "len", "delta", "v10"]}