{"vector": [0.03884456918185462, 0.0015089005549238897, 82.5172276417801, 1, 0.2082770246467483, 0.17576457689099678, 0.19324359380507128, 0.12507977278645765, 0.08834595828313974, 0.09784417638287823, 0.13009506973677376, 0.09608146781487004, 0.07243659069392672, 0.1307038325200971], "heaviness": 0, "type": 1, "comment": "0", "features": ["std", "var", "sum", "len", "delta", "v10"]}