{"vector": [0.06926638602441618, 0.004797832232883436, 49.18558004509615, 1, 0.24726641249695558, 0.14507694186647502, 0.2323621624651797, 0.22618444637192453, 0.16348518950427832, 0.09798506014941627, 0.05820815463750689, 0.08357005328170491, 0.17726426238696752, 0.0951160146364779], "heaviness": 0, "type": 0, "comment": "0", "features": ["std", "var", "sum", "len", "delta", "v10"]}