{"vector": [0.10353158659363766, 0.010718789422595893, 220.23346136146887, 1, 0.4425413152361991, 0.30699483278731304, 0.3083183600363813, 0.09230641982916987, 0.297891055931873, 0.34832761769828446, 0.26103505415751965, 0.09535239913239188, 0.1554337568609411, 0.365183661325347], "heaviness": 5, "type": 1, "comment": "\u041d\u0414\u0421?", "features": ["std", "var", "sum", "len", "delta", "v10"]}