{"vector": [0.10074388721790761, 0.01014933081177449, 150.51984629214311, 1, 0.46181454643562103, 0.14472949160910747, 0.10745050747746424, 0.2117833199813947, 0.22762007751188712, 0.20389017293965966, 0.09648053406613633, 0.20021446891598565, 0.16353480464693726, 0.09745793621683035], "heaviness": 0, "type": 1, "comment": "0", "features": ["std", "var", "sum", "len", "delta", "v10"]}