{"vector": [0.16495265498433923, 0.027209378386382453, 289.3223335094909, 1, 0.7783277493127, 0.2477996733362, 0.15597755812527936, 0.038513905389047476, 0.057171114627949216, 0.28018665933268694, 0.09721317995067547, 0.44840222447279243, 0.050098712935826684, 0.09774673392267946], "heaviness": 8, "type": 2, "comment": "\u041d\u0414\u0421? +\u041b\u041f", "features": ["std", "var", "sum", "len", "delta", "v10"]}