{"vector": [0.1703666806498754, 0.02902480587565663, 198.80276347018, 1, 0.63132318851299, 0.07065767311772236, 0.16057533434590043, 0.06496326797075136, 0.18981444647165013, 0.3382288773569409, 0.35969448866388626, 0.0055825768399017095, 0.32902869658696315, 0.5274853679936096], "heaviness": 0, "type": 1, "comment": "0", "features": ["std", "var", "sum", "len", "delta", "v10"]}