{"vector": [0.10657916538468154, 0.0113591184940953, 152.8892425800063, 1, 0.5623853691547277, 0.43217358179430787, 0.23248249067918753, 0.16113423610627486, 0.15614079004140957, 0.09848132059485232, 0.17123528275998834, 0.06782877584638058, 0.07486780390141179, 0.08952383252712193], "heaviness": 10, "type": 2, "comment": "\u041d\u0414\u0421", "features": ["std", "var", "sum", "len", "delta", "v10"]}