{"vector": [0.13672417682169394, 0.018693500527569833, 387.08841384941377, 1, 0.9064327169092378, 0.7564377190870102, 0.6128319014947217, 0.4866003078700841, 0.42094995316566763, 0.4204643982166381, 0.544337961325552, 0.6865184535192028, 0.6489735075579115, 0.4572963083145606], "heaviness": 0, "type": 1, "comment": "0", "features": ["std", "var", "sum", "len", "delta", "v10"]}