{"vector": [0.078693920727164, 0.006192733159413171, 109.81892608106796, 1, 0.41900186784603255, 0.05951626733264348, 0.05315556594183213, 0.09911731478022723, 0.04146927604669226, 0.10311733979801718, 0.0926582729130962, 0.13482205554534693, 0.1867986416317512, 0.05954491395371614], "heaviness": 4, "type": 1, "comment": "\u041d\u0414\u0421?", "features": ["std", "var", "sum", "len", "delta", "v10"]}