{"vector": [0.08654243484596648, 0.007489593029068353, 50.52957567463842, 1, 0.37066695326037424, 0.04324479528483377, 0.09869600876797618, 0.11559019282006033, 0.2322895023543622, 0.10469048073818799, 0.068469485634914, 0.03764871883268431, 0.26548448543188274, 0.13862996713838394], "heaviness": 0, "type": 0, "comment": "0", "features": ["std", "var", "sum", "len", "delta", "v10"]}