{"vector": [0.19297778256222747, 0.03724042456263435, 105.27304967961813, 1, 0.6848378607298103, 0.19448985625123433, 0.3749727301207044, 0.48626672134559024, 0.6326634577318835, 0.6478425132267966, 0.47194254440115924, 0.3516358527371417, 0.237947932796855, 0.13512011277722835], "heaviness": 0, "type": 1, "comment": "0", "features": ["std", "var", "sum", "len", "delta", "v10"]}