{"vector": [0.06171946665909048, 0.0038092925646825812, 119.07721740089733, 1, 0.2649407257949079, 0.13401147949620196, 0.1569528763486578, 0.15011259976615043, 0.17815018530800508, 0.020816004319408887, 0.09171064105829763, 0.18070770893497595, 0.2122223142134919, 0.11583692710590421], "heaviness": 0, "type": 1, "comment": "0", "features": ["std", "var", "sum", "len", "delta", "v10"]}