{"vector": [0.17612776327849, 0.031020988997483807, 314.81684840602406, 1, 0.9372892296566433, 0.08901407892832225, 0.052431682241245836, 0.17663187546782938, 0.12939368627253797, 0.3735816641660317, 0.1608482795381116, 0.46685035132192937, 0.20619392804606773, 0.25532344066348955], "heaviness": 12, "type": 2, "comment": "\u0421\u0435\u0440\u0438\u044f \u0448\u0432\u043e\u0432 \u0438\u043b\u0438 \u041b\u041f", "features": ["std", "var", "sum", "len", "delta", "v10"]}