{"vector": [0.1302814279921136, 0.016973250479664276, 49.546278567223766, 1, 0.42526969645267915, 0.15405658943727996, 0.24684604653714104, 0.3024009042737942, 0.18687828606325496, 0.0337512718616535, 0.07924640386968107, 0.21414676163378737, 0.34579238609346585, 0.24349643942065113], "heaviness": 0, "type": 0, "comment": "0", "features": ["std", "var", "sum", "len", "delta", "v10"]}