{"vector": [0.10289516546735361, 0.010587415076554078, 43.70047185342034, 1, 0.33528524355545636, 0.051813929805299, 0.11586324202963252, 0.1930044666599974, 0.2617426691826349, 0.29626388269427095, 0.2837871331243942, 0.21878149202391048, 0.13419263522193184, 0.043616330466444114], "heaviness": 0, "type": 1, "comment": "0", "features": ["std", "var", "sum", "len", "delta", "v10"]}