{"vector": [0.09779444205253154, 0.00956375289636595, 92.16898151554872, 1, 0.34706503397613697, 0.16805792574650158, 0.2717807356187345, 0.041565000943674546, 0.18280363863685306, 0.177746846748221, 0.2580933795326731, 0.3131877296494104, 0.21927074886298276, 0.09385522684341513], "heaviness": 0, "type": 0, "comment": "0", "features": ["std", "var", "sum", "len", "delta", "v10"]}