{"vector": [0.1960398259164209, 0.03843161334534062, 127.0679945911373, 1, 0.8111855619224018, 0.3828611830902829, 0.3650271457304011, 0.002498194673350662, 0.22262848883659653, 0.02335373552500164, 0.33259009997457234, 0.3893589718400266, 0.010789494220488083, 0.09752038633175994], "heaviness": 4, "type": 1, "comment": "\u041d\u0414\u0421?", "features": ["std", "var", "sum", "len", "delta", "v10"]}