{"vector": [0.14036375977657797, 0.01970198505861689, 216.3976244160037, 1, 0.5928810142133689, 0.21847670987579526, 0.45011966990193647, 0.4226677038051696, 0.3450920493182554, 0.532389486602451, 0.4309550077764036, 0.3160355156937624, 0.2915488517977578, 0.31295113697806315], "heaviness": 0, "type": 1, "comment": "0", "features": ["std", "var", "sum", "len", "delta", "v10"]}