{"vector": [0.19531405031045754, 0.038147578248675935, 109.63553130444207, 1, 0.6528611124764543, 0.2210460985392078, 0.4851748549448755, 0.6387904344618602, 0.601868103578848, 0.546603430776653, 0.4966263754310671, 0.4398881150039698, 0.3100051814779947, 0.15162185314020432], "heaviness": 6, "type": 1, "comment": "\u041b\u041f?", "features": ["std", "var", "sum", "len", "delta", "v10"]}