{"vector": [0.035394576113514396, 0.001252776018255364, 20.525761551224168, 1, 0.13137450448454435, 0.04867789074647921, 0.070027710429857, 0.08318393145386871, 0.1313232649139634, 0.09520138020623936, 0.029176633869969826, 0.014211275756201291, 0.03675623892626001, 0.04258356275945163], "heaviness": 0, "type": 0, "comment": "0", "features": ["std", "var", "sum", "len", "delta", "v10"]}