{"vector": [0.06916904650649176, 0.00478435699461722, 11.25291767195531, 1, 0.23705817923633574, 0.020386822412208683, 0.008831439913324635, 0.03055693313124863, 0.016298330537419692, 0.036403673063827635, 0.1574336353273338, 0.15992968120432915, 0.10535767213499925, 0.058975622428715235], "heaviness": 0, "type": 0, "comment": "0", "features": ["std", "var", "sum", "len", "delta", "v10"]}