{"vector": [0.07875276113793844, 0.006201997386849188, 86.21688648525738, 1, 0.2728029391140482, 0.05494311609667557, 0.2636329549952154, 0.21636816665178132, 0.23350956216194563, 0.22039557863515336, 0.15979933439611294, 0.1727310269258503, 0.1738684368665791, 0.08818187512806519], "heaviness": 8, "type": 1, "comment": "\u041b\u041f", "features": ["std", "var", "sum", "len", "delta", "v10"]}