{"vector": [0.10866273328095638, 0.011807589604088264, 120.43450866515919, 1, 0.5092867694949541, 0.4121278252382384, 0.1804369896188759, 0.09399664754055026, 0.16101477930002467, 0.04454769902784189, 0.15082119345337108, 0.023719992389062305, 0.06083797873233898, 0.14609070582755856], "heaviness": 0, "type": 1, "comment": "\u041d\u0414\u0421?", "features": ["std", "var", "sum", "len", "delta", "v10"]}