{"vector": [0.1997814198160342, 0.0399126157037105, 68.64927977067185, 1, 0.5760441480516051, 0.10609502471434012, 0.2491208748419338, 0.4125511303091759, 0.5449022271332228, 0.574664134488302, 0.5292760789229249, 0.3844484008465927, 0.20262037790419146, 0.06659709737139835], "heaviness": 0, "type": 1, "comment": "0", "features": ["std", "var", "sum", "len", "delta", "v10"]}