{"vector": [0.07373195894221961, 0.005436401769457158, 2.2916725620155223, 1, 0.27714114070696705, 0.0309050792746266, 0.05324743247846064, 0.0700408716175639, 0.14002237717784427, 0.015319225678789516, 0.132654267782843, 0.07725718160013523, 0.03523237967610132, 0.042245323879153085], "heaviness": 0, "type": 0, "comment": "0", "features": ["std", "var", "sum", "len", "delta", "v10"]}