{"vector": [0.09193309517800845, 0.00845169398900876, 196.6068624215079, 1, 0.43850511683885546, 0.416681459218594, 0.2542997041578534, 0.22344502313494752, 0.22463510211163817, 0.25262286339921286, 0.2665945058454113, 0.13329627965050375, 0.3482899217222744, 0.26477820382360395], "heaviness": 0, "type": 1, "comment": "0", "features": ["std", "var", "sum", "len", "delta", "v10"]}