{"vector": [0.10736184834366666, 0.01152656647976848, 80.17192707116388, 1, 0.38931184128868845, 0.13283087016965167, 0.2713336021021665, 0.37123442979359844, 0.3825481341145528, 0.32897884773814823, 0.2606036614493772, 0.22825824758604407, 0.19739170142614626, 0.13111215521222963], "heaviness": 0, "type": 1, "comment": "0", "features": ["std", "var", "sum", "len", "delta", "v10"]}