{"vector": [0.03620660618880613, 0.0013109183317112944, 61.166198772733615, 1, 0.19098875166440143, 0.11884268682588278, 0.10987919182913886, 0.11437256888595732, 0.11691823868698042, 0.041647257176487984, 0.13018645933710538, 0.1428689814785869, 0.10535063256816335, 0.08545545148422179], "heaviness": 0, "type": 1, "comment": "0", "features": ["std", "var", "sum", "len", "delta", "v10"]}