{"vector": [0.05464818869424885, 0.0029864245275622284, 51.66954477666896, 1, 0.22252180708299185, 0.09759746769031696, 0.18414465063499552, 0.21827254365989862, 0.15128553390225974, 0.09263388919133664, 0.11483530364066197, 0.17795916815533386, 0.11371242874029608, 0.07906508944102897], "heaviness": 0, "type": 1, "comment": "0", "features": ["std", "var", "sum", "len", "delta", "v10"]}