{"vector": [0.0920211913280885, 0.00846789965344067, 76.53029006151223, 1, 0.3521995496028065, 0.009340876677724097, 0.06257751113325927, 0.20915281019228027, 0.005890575843628398, 0.2397128243508203, 0.04398507471132462, 0.21588855243886151, 0.22128093717461556, 0.029953915456550184], "heaviness": 7, "type": 1, "comment": "\u041b\u041f", "features": ["std", "var", "sum", "len", "delta", "v10"]}