{"vector": [0.045626337181479244, 0.0020817626445980356, 21.154719790703037, 1, 0.2005056988235261, 0.07920383575578055, 0.12556830503051214, 0.17670190185891743, 0.09011885038987338, 0.09638850517590297, 0.03665648463789234, 0.06695078092935675, 0.09425071397285806, 0.03330625875572285], "heaviness": 10, "type": 0, "comment": "0", "features": ["std", "var", "sum", "len", "delta", "v10"]}