{"vector": [0.16930441994727505, 0.028663986613683263, 126.70294623083738, 1, 0.6448761629614016, 0.23509967377294372, 0.348216886603786, 0.3491966061959786, 0.42402724423017857, 0.4971330949325302, 0.6241643103425282, 0.5612941436133412, 0.35457109443936097, 0.17667636301985667], "heaviness": 0, "type": 1, "comment": "0", "features": ["std", "var", "sum", "len", "delta", "v10"]}