{"vector": [0.2405226339090519, 0.057851137422547806, 193.1556461389791, 1, 0.8650202185893019, 0.041684533674728075, 0.4269283622367578, 0.10370902105854801, 0.027494582537974432, 0.015775667721302233, 0.17662008775537252, 0.2357077596005619, 0.6043458481704841, 0.4907016959772247], "heaviness": 12, "type": 3, "comment": "\u041b\u041f? +\u041d\u0414\u0421?", "features": ["std", "var", "sum", "len", "delta", "v10"]}