{"vector": [0.12749838154449006, 0.016255837296464366, 1215.992059891762, 1, 0.8115495005053276, 0.2613636203942258, 0.31254214509192424, 0.2180533504697576, 0.2822888881816964, 0.37869858607796947, 0.10021373516606719, 0.13827826947573812, 0.23156899636640482, 0.15371471500339368], "heaviness": 14, "type": 3, "comment": "\u041d\u0414\u0421? \u041f\u0440\u043e\u0431\u043b\u0435\u043c\u0430 \u0434\u0430\u043d\u043d\u044b\u0445?", "features": ["std", "var", "sum", "len", "delta", "v10"]}