{"vector": [0.23609291550310002, 0.05573986475075393, 297.4902751521451, 1, 0.7783836673809876, 0.2936195515533516, 0.6075025773777272, 0.025786836545798497, 0.05948577419884121, 0.634786272875818, 0.18016143884229174, 0.21042676275205058, 0.4171314854698253, 0.4147571831670844], "heaviness": 7, "type": 2, "comment": "\u041b\u041f+\u041d\u0414\u0421? \u0418\u043b\u0438 \u0448\u0432\u044b", "features": ["std", "var", "sum", "len", "delta", "v10"]}