{"vector": [0.17322014663333946, 0.030005219199675626, 174.5640944523508, 1, 0.7364967947324992, 0.343714754993052, 0.4287702670831894, 0.46116309050452636, 0.5672854680878865, 0.505708145285743, 0.5685266465589975, 0.7304959826960631, 0.3974055425599689, 0.2118501819802236], "heaviness": 0, "type": 1, "comment": "0", "features": ["std", "var", "sum", "len", "delta", "v10"]}