{"vector": [0.26925380113477837, 0.07249760942552678, 140.62504602215637, 1, 0.9364117889380316, 0.2223279597552038, 0.4185212867160064, 0.5692826711255989, 0.6740711296204818, 0.7594908491875417, 0.8037570668041355, 0.7438272844178169, 0.5062238498398146, 0.1671803073609912], "heaviness": 12, "type": 2, "comment": "\u041a\u043e\u0440\u043e\u0442\u043a\u0430\u044f \u041b\u041f", "features": ["std", "var", "sum", "len", "delta", "v10"]}