{"vector": [0.09632517509669562, 0.00927853935740907, 34.15792710202087, 1, 0.3352100895969957, 0.0675465423521735, 0.13370834597656212, 0.1873900473844594, 0.22444148457881724, 0.25825113971402525, 0.30778328992930765, 0.258531732515447, 0.14200008999784502, 0.049624986461472675], "heaviness": 0, "type": 0, "comment": "\u041b\u0451\u0433\u043a\u043e\u0435 \u041b\u041f", "features": ["std", "var", "sum", "len", "delta", "v10"]}