{"vector": [0.08762136717627154, 0.007677503985838996, 79.6962188925777, 1, 0.42085721438107293, 0.25388285582251136, 0.20161295240501775, 0.2219416564580925, 0.2450184028639718, 0.2423059635557423, 0.26000485507796334, 0.32320629678233914, 0.37215324572998576, 0.21297210658123156], "heaviness": 0, "type": 0, "comment": "0", "features": ["std", "var", "sum", "len", "delta", "v10"]}