{"vector": [0.05492563048537469, 0.003016824884215921, 62.19174258192466, 1, 0.26770608338660157, 0.14171274016080648, 0.11728279999083219, 0.18915233366202922, 0.1680049292628163, 0.13420776161831255, 0.12030249262886028, 0.07765285033803887, 0.05643245780032263, 0.0554192878412168], "heaviness": 0, "type": 1, "comment": "0", "features": ["std", "var", "sum", "len", "delta", "v10"]}