{"vector": [0.0694444540123099, 0.004822532193067825, 134.492480191396, 1, 0.4338730247102439, 0.19764116331416332, 0.1432991338706494, 0.09507010122775128, 0.03295531976105148, 0.11211693636129128, 0.05475756547481392, 0.10815956749623057, 0.07386227197603246, 0.1072144384223056], "heaviness": 5, "type": 2, "comment": "\u041d\u0414\u0421?", "features": ["std", "var", "sum", "len", "delta", "v10"]}