{"vector": [0.12009928225224746, 0.014423837597505, 69.54780244364049, 1, 0.5095965217485795, 0.07606959377134476, 0.08662330831876275, 0.10311849979751381, 0.12432823013634486, 0.13058081156819368, 0.19139360966884533, 0.29457570784514536, 0.399320360699033, 0.16346682252410305], "heaviness": 0, "type": 1, "comment": "0", "features": ["std", "var", "sum", "len", "delta", "v10"]}