{"vector": [0.06380199281256739, 0.004070694286854901, 27.443524939457827, 1, 0.24130652087479704, 0.09341538596237786, 0.2186287750450958, 0.11263225168808322, 0.11456968466576228, 0.006060445443583584, 0.12260707897515527, 0.17475422751198388, 0.14199927975097265, 0.0728945297196153], "heaviness": 0, "type": 0, "comment": "0", "features": ["std", "var", "sum", "len", "delta", "v10"]}