{"vector": [0.062171866455808376, 0.003865340978598871, 42.42574449236786, 1, 0.26550232900504744, 0.15168993399272868, 0.0988110229031533, 0.07074768522164737, 0.06500830962321957, 0.12818634535200563, 0.16868556385244998, 0.14270252430884506, 0.12407648830356288, 0.10259567851670881], "heaviness": 0, "type": 0, "comment": "0", "features": ["std", "var", "sum", "len", "delta", "v10"]}