{"vector": [0.18508635879254615, 0.034256960211083126, 93.91840657045688, 1, 0.7849128175563085, 0.17429776838552635, 0.06177684656115101, 0.22020654624682934, 0.07984158201193375, 0.0675793142037015, 0.12447114902346268, 0.38167275270706547, 0.48158420971652205, 0.058848406134848874], "heaviness": 0, "type": 1, "comment": "0", "features": ["std", "var", "sum", "len", "delta", "v10"]}