{"vector": [0.1165505036025393, 0.013584019890005525, 281.90042863945644, 1, 0.4565496087620804, 0.4194049245033581, 0.16223357873089417, 0.310284352380487, 0.3140782883745319, 0.2170660314401207, 0.4103494365833176, 0.15085622728710635, 0.022969206294779165, 0.17681569635082062], "heaviness": 0, "type": 1, "comment": "0", "features": ["std", "var", "sum", "len", "delta", "v10"]}