{"vector": [0.18502434103191362, 0.034234006774293876, 74.88670620057484, 1, 0.7203988119667952, 0.02584688559094528, 0.05551216594025754, 0.06092920503959459, 0.16546931746377386, 0.3717269088872995, 0.5049936086776619, 0.3070621962246834, 0.43406360201096533, 0.21709281897955018], "heaviness": 0, "type": 1, "comment": "0", "features": ["std", "var", "sum", "len", "delta", "v10"]}