{"vector": [0.15872752573274318, 0.025194427425238645, 139.81399530293035, 1, 0.5213800749609261, 0.01888863232734425, 0.42126411042195444, 0.0034370136999054, 0.06717780609953561, 0.39797359406637645, 0.0510972766947837, 0.08138493878121511, 0.40604739491268627, 0.03494963524636424], "heaviness": 6, "type": 2, "comment": "\u041d\u0414\u0421?", "features": ["std", "var", "sum", "len", "delta", "v10"]}