{"vector": [0.09139980780093626, 0.008353924866048088, 79.24479227814916, 1, 0.3649628682133016, 0.020264934350511993, 0.02767625572054952, 0.15105916511950201, 0.1588066736498417, 0.06329224893649243, 0.07187231559856744, 0.2477043687022391, 0.2208001497231386, 0.13601210001549063], "heaviness": 0, "type": 1, "comment": "0", "features": ["std", "var", "sum", "len", "delta", "v10"]}