{"vector": [0.22898329562684047, 0.052433349676129025, 337.5995773433456, 1, 0.994817217602445, 0.5439296170152866, 0.5080785232213841, 0.24148619697921503, 0.22641195510239026, 0.022284392843983675, 0.4423387978567398, 0.4456770799279656, 0.09797393091577938, 0.0643179200474451], "heaviness": 12, "type": 2, "comment": "\u041b\u041f?", "features": ["std", "var", "sum", "len", "delta", "v10"]}