{"vector": [0.09065511012413469, 0.008218348991618987, 62.82662950186798, 1, 0.41779088010065746, 0.06917231502325066, 0.07860209658510264, 0.09816289878330253, 0.0050911853863571666, 0.05921458885985348, 0.06267570418694707, 0.11160246742120139, 0.3417603604581233, 0.1234236979688359], "heaviness": 0, "type": 1, "comment": "0", "features": ["std", "var", "sum", "len", "delta", "v10"]}