{"vector": [0.1673356372310987, 0.028001215487537867, 81.66937568622352, 1, 0.6203109962784759, 0.12277514299288705, 0.3574151884778085, 0.5479371797676218, 0.6002414305009978, 0.42234757512045223, 0.28448362183858006, 0.21610637296018864, 0.23401869781354095, 0.2144401621847079], "heaviness": 0, "type": 1, "comment": "0", "features": ["std", "var", "sum", "len", "delta", "v10"]}