{"vector": [0.09636398760186615, 0.009286018106532614, 63.34123234105099, 1, 0.4002442885886497, 0.10675495451732514, 0.17838846561448957, 0.14230579632191326, 0.06543295784056768, 0.07820978367960973, 0.1677584992962986, 0.2604663758770897, 0.3313765075563795, 0.2055377267642951], "heaviness": 0, "type": 0, "comment": "0", "features": ["std", "var", "sum", "len", "delta", "v10"]}