{"vector": [0.1887578496585305, 0.03562952580771241, 410.43854561207695, 1, 0.851601120003865, 0.39216292405884823, 0.18576346220830808, 0.432458136959113, 0.22581945065082737, 0.07409231552540702, 0.22463895240790427, 0.05529032184105925, 0.3466734106800041, 0.4201868323574925], "heaviness": 13, "type": 2, "comment": "\u041d\u0414\u0421", "features": ["std", "var", "sum", "len", "delta", "v10"]}