{"vector": [0.07099411590046428, 0.005040164492488555, 46.00300741649151, 1, 0.2701919390710704, 0.03435824119747982, 0.06586764707652915, 0.07920524626625192, 0.11969845324166634, 0.1779116859564877, 0.2052932189982552, 0.19094677123250975, 0.15583758649599422, 0.06545704756520765], "heaviness": 0, "type": 1, "comment": "0", "features": ["std", "var", "sum", "len", "delta", "v10"]}