{"vector": [0.13226434592712835, 0.017493857203531072, 187.37695689762973, 1, 0.4799535568054842, 0.2550484321111644, 0.18099373375121336, 0.14399828883947263, 0.24469359128770402, 0.40459236226618883, 0.3961471165742932, 0.27690467859563944, 0.0018788252415565532, 0.3246109705338475], "heaviness": 0, "type": 1, "comment": "0", "features": ["std", "var", "sum", "len", "delta", "v10"]}