{"vector": [0.07828012385577696, 0.00612777779087578, -5.404233039440579, 1, 0.2611093275066141, 0.008558621485504236, 0.05635061547382775, 0.15711567431826506, 0.08631621395300615, 0.01688728776718723, 0.08052927434003687, 0.08138815982819458, 0.030414325514148965, 0.07183657076437483], "heaviness": 0, "type": 0, "comment": "0", "features": ["std", "var", "sum", "len", "delta", "v10"]}