{"vector": [0.22814893142905515, 0.05205193491221971, 85.16043615761753, 1, 0.7136247920522224, 0.06441556400114068, 0.4278541138585299, 0.6168963243158175, 0.17105489469569218, 0.024316786989561856, 0.48094947768180085, 0.5789316940830906, 0.3053008017453087, 0.08604319207070216], "heaviness": 0, "type": 0, "comment": "0", "features": ["std", "var", "sum", "len", "delta", "v10"]}