{"vector": [0.08598024860408429, 0.007392603150020139, 24.225193140964212, 1, 0.36852707900273296, 0.13755716404608817, 0.1361104099479842, 0.06454687293122349, 0.048452669297836565, 0.09591064657377082, 0.20411589890465767, 0.2971224994614603, 0.1327354490606644, 0.020165312983402156], "heaviness": 0, "type": 0, "comment": "0", "features": ["std", "var", "sum", "len", "delta", "v10"]}