{"vector": [0.10789421965436834, 0.011641162634825083, 85.35239103466809, 1, 0.4136254743701021, 0.14183603109726795, 0.040437340484009265, 0.2230802579349156, 0.31039448425243304, 0.053025215832550154, 0.12481563958698794, 0.2063299988851099, 0.2511367209075044, 0.17956025757918592], "heaviness": 0, "type": 1, "comment": "0", "features": ["std", "var", "sum", "len", "delta", "v10"]}