{"vector": [0.2626104509264915, 0.0689642489358152, 203.34160201883788, 1, 0.8724686541422819, 0.25577292157259385, 0.8273018139221175, 0.6392791634022833, 0.15041043980128588, 0.5848673340715106, 0.2744587439245032, 0.1459988391610118, 0.6722340612319792, 0.2635894016476331], "heaviness": 8, "type": 2, "comment": "\u041b\u041f", "features": ["std", "var", "sum", "len", "delta", "v10"]}