{"vector": [0.10673189183375138, 0.011391696734411606, 92.51582105070173, 1, 0.40272228168901575, 0.33207734745397377, 0.027607473342019462, 0.18265085977280404, 0.10289761246439572, 0.04235378960441499, 0.0943263194461656, 0.27548538499652503, 0.15804382748407925, 0.04955564662625239], "heaviness": 0, "type": 0, "comment": "0", "features": ["std", "var", "sum", "len", "delta", "v10"]}