{"vector": [0.08717883677433602, 0.007600149581326322, 77.25554582140266, 1, 0.32367565709146606, 0.18313738951208144, 0.087052357307882, 0.045752542015756265, 0.05743288824663065, 0.14355533724216082, 0.23565020340175866, 0.029787269125454402, 0.15195756809665198, 0.07324957904672205], "heaviness": 0, "type": 1, "comment": "0", "features": ["std", "var", "sum", "len", "delta", "v10"]}