{"vector": [0.08396491452428524, 0.007050106871070527, 307.6489120115184, 1, 0.42537564025164865, 0.19300402417894091, 0.3090412002164462, 0.03547995307292906, 0.011026114359914213, 0.08270882505293636, 0.1706033072977324, 0.12019355398366505, 0.13921158100997852, 0.1982462250616968], "heaviness": 10, "type": 2, "comment": "\u041d\u0414\u0421", "features": ["std", "var", "sum", "len", "delta", "v10"]}