{"vector": [0.11695859600563059, 0.01367931317960831, 115.7160262192427, 1, 0.38094465956285783, 0.11643766283620227, 0.2735888484215736, 0.33426257602082, 0.35442387392389874, 0.3601803158215243, 0.16531166141597808, 0.07603693939792922, 0.1282671418476239, 0.11138708987261059], "heaviness": 0, "type": 0, "comment": "0", "features": ["std", "var", "sum", "len", "delta", "v10"]}