{"vector": [0.17933103799413716, 0.03215962118805466, 260.96758566884324, 1, 0.6769266858494714, 0.2601472054638604, 0.5589207335032556, 0.6014086410905984, 0.6751051171976434, 0.5387008112415673, 0.5091272605490526, 0.501013100597713, 0.4771650588746419, 0.3441838327235754], "heaviness": 9, "type": 2, "comment": "\u041b\u041f", "features": ["std", "var", "sum", "len", "delta", "v10"]}