{"vector": [0.0578544927899622, 0.0033471423359837885, 45.20435560991462, 1, 0.17604646706296928, 0.013807212673624225, 0.07132674442491838, 0.11293343141700485, 0.006369960324803747, 0.005109611591632979, 0.04542769899859217, 0.15456484292210065, 0.13643540394002407, 0.10126198043211004], "heaviness": 0, "type": 1, "comment": "0", "features": ["std", "var", "sum", "len", "delta", "v10"]}