{"vector": [0.05865754015078737, 0.0034407070165412322, 55.88063266598244, 1, 0.21194395718192277, 0.15570539507373377, 0.15205697700313914, 0.12384416742241106, 0.12068851150132015, 0.154315895395564, 0.17374096118286114, 0.16585425842608903, 0.06799040484857793, 0.0026710587383164675], "heaviness": 0, "type": 0, "comment": "0", "features": ["std", "var", "sum", "len", "delta", "v10"]}