{"vector": [0.09564177562954183, 0.009147349245571623, -36.078569980643124, 1, 0.4171736751693795, 0.05382326839195173, 0.10511014075621783, 0.03699751699621401, 0.09449661136979592, 0.14396531003294244, 0.024071878758853194, 0.1182402703333077, 0.14015593712013952, 0.042305589290246526], "heaviness": 0, "type": 0, "comment": "0", "features": ["std", "var", "sum", "len", "delta", "v10"]}