{"vector": [0.1101382722021985, 0.012130439003685572, 116.44702188306242, 1, 0.5435945282195805, 0.0597988938050239, 0.29519914352704746, 0.06845672622814453, 0.20272375891398747, 0.28629009792457405, 0.2748722337455022, 0.16833454879769388, 0.0902512878440554, 0.09451569550132383], "heaviness": 0, "type": 1, "comment": "0", "features": ["std", "var", "sum", "len", "delta", "v10"]}