{"vector": [0.09235101564239209, 0.008528710090181349, 61.70702118585148, 1, 0.3667627082924413, 0.007905174229957512, 0.05055547288041662, 0.013625933772093368, 0.05202796977616109, 0.024109682634543717, 0.2065005530063525, 0.20590092675363936, 0.10162421635923047, 0.1257613596765519], "heaviness": 0, "type": 1, "comment": "0", "features": ["std", "var", "sum", "len", "delta", "v10"]}