{"vector": [0.13848366130664813, 0.019177724448894436, 42.65263568180664, 1, 0.43017793185358577, 0.01317453332365437, 0.1338539159124265, 0.23535600481150015, 0.34449762814900153, 0.3955613572176091, 0.2782937297557032, 0.15359621414184088, 0.06877039173033056, 0.02826232503897186], "heaviness": 0, "type": 1, "comment": "0", "features": ["std", "var", "sum", "len", "delta", "v10"]}