{"vector": [0.06112815256039319, 0.0037366510354467043, 26.466776793773402, 1, 0.21598014295508972, 0.0684360028739136, 0.14421929532293665, 0.19867535957912608, 0.21436617379364875, 0.18296334289914157, 0.14146844300505773, 0.10586390245877769, 0.07534920668405978, 0.06013696528183768], "heaviness": 0, "type": 0, "comment": "0", "features": ["std", "var", "sum", "len", "delta", "v10"]}