{"vector": [0.1462251798357329, 0.021381803217992434, 103.56892159052606, 1, 0.6060305535887887, 0.1772583382552532, 0.24300409644299345, 0.24899158713004663, 0.16494585236461937, 0.07136194342789276, 0.1708590723468095, 0.415409706154952, 0.512787525855808, 0.20846068856491648], "heaviness": 0, "type": 1, "comment": "0", "features": ["std", "var", "sum", "len", "delta", "v10"]}