{"vector": [0.05356520160532106, 0.002869230823018689, 13.36958281400697, 1, 0.21938437691212376, 0.14224377946901745, 0.13497622562892322, 0.005868922926736131, 0.04980347806194119, 0.049366164770611065, 0.07720502540743557, 0.08659692065007796, 0.09573602064515052, 0.0573179789036658], "heaviness": 0, "type": 0, "comment": "0", "features": ["std", "var", "sum", "len", "delta", "v10"]}