{"vector": [0.06635976978184323, 0.004403619045499233, 39.41071843282888, 1, 0.26864747799095623, 0.1661976251578196, 0.25832743414019255, 0.2562002942891349, 0.19794936758094017, 0.16948764099646096, 0.15997234622112083, 0.16039281875758865, 0.11084450075670305, 0.06658296530172836], "heaviness": 0, "type": 0, "comment": "0", "features": ["std", "var", "sum", "len", "delta", "v10"]}