{"vector": [0.18371233613104265, 0.033750222446725195, 313.4220490362884, 1, 0.8051477279974155, 0.6751794647184111, 0.5657127197848292, 0.5488364709304957, 0.5153856968287585, 0.34723472207582773, 0.21706868399279705, 0.3998178959291148, 0.24224949341743784, 0.3966209160664612], "heaviness": 8, "type": 2, "comment": "\u041b\u041f?", "features": ["std", "var", "sum", "len", "delta", "v10"]}