{"vector": [0.11609434105250421, 0.013477896024415166, 108.06961432622838, 1, 0.3888903467858933, 0.0836972642851411, 0.11141147624226791, 0.11312796598967631, 0.1920896910601317, 0.2685750954819426, 0.377068465760075, 0.3598193103643411, 0.2231118815080135, 0.10879277032536724], "heaviness": 6, "type": 2, "comment": "\u041b\u041f", "features": ["std", "var", "sum", "len", "delta", "v10"]}