{"vector": [0.11972030360977992, 0.014332951096417884, 120.31707034216738, 1, 0.4324448435502964, 0.19171552052185709, 0.01490303564091544, 0.18963343459392568, 0.3254073936475591, 0.0029709552586451027, 0.11700202422246442, 0.16709887927106692, 0.3631448857690778, 0.062093851564295977], "heaviness": 4, "type": 1, "comment": "\u041b\u041f", "features": ["std", "var", "sum", "len", "delta", "v10"]}