{"vector": [0.0547807247535917, 0.0030009278045287744, 8.134319774393402, 1, 0.22680124658696688, 0.0011131031518556989, 0.05139989986293314, 0.022561133900299957, 0.011496083700924808, 0.04325980727732359, 0.04192786631718476, 0.12280185188566267, 0.10617841921291232, 0.037029432440230436], "heaviness": 0, "type": 0, "comment": "0", "features": ["std", "var", "sum", "len", "delta", "v10"]}