{"vector": [0.129385347994931, 0.0167405682757694, 98.02044742918883, 1, 0.48103741390406746, 0.1844863347939918, 0.1921801569020058, 0.02761330782537086, 0.11422358154514059, 0.3607262599110581, 0.3933916941669378, 0.20831874131968103, 0.015398378178398175, 0.16259615905338382], "heaviness": 0, "type": 1, "comment": "0", "features": ["std", "var", "sum", "len", "delta", "v10"]}