{"vector": [0.14137045363086082, 0.01998560515979537, 84.55945808005059, 1, 0.4339429774959346, 0.18510546704179262, 0.38096092818543453, 0.3756389126698682, 0.35912391948930605, 0.38080106162572364, 0.38605276311487746, 0.42805730527676145, 0.24652981614121067, 0.0325211001518568], "heaviness": 5, "type": 1, "comment": "\u041b\u041f?", "features": ["std", "var", "sum", "len", "delta", "v10"]}