{"vector": [0.05913088740901953, 0.003496461845778144, 123.67664195060945, 1, 0.36702591703524795, 0.1330387478562325, 0.08334664290087668, 0.09484976319825777, 0.12523674175284272, 0.18428696709354586, 0.10919407311322105, 0.019479519536857337, 0.05130866725002681, 0.15890435620704246], "heaviness": 3, "type": 1, "comment": "\u041d\u0414\u0421", "features": ["std", "var", "sum", "len", "delta", "v10"]}