{"vector": [0.06578301105564915, 0.004327404543547658, 35.899983323396484, 1, 0.2509051390738765, 0.08302082205414812, 0.041232367913865475, 0.048066164988661564, 0.10016972020791648, 0.0875543429238686, 0.052348236547625826, 0.0614934788955645, 0.09134202648896872, 0.17164735787656715], "heaviness": 0, "type": 1, "comment": "0", "features": ["std", "var", "sum", "len", "delta", "v10"]}