{"vector": [0.039613911680840566, 0.0015692619986574367, 15.331996535744096, 1, 0.14254397470173846, 0.052104418421303866, 0.09244933592550053, 0.1262089892740932, 0.09747209484629404, 0.004755042181267655, 0.024303889245562704, 0.09507910624991112, 0.08394086890130076, 0.05405759565909901], "heaviness": 0, "type": 0, "comment": "0", "features": ["std", "var", "sum", "len", "delta", "v10"]}