{"vector": [0.09311699994696475, 0.008670775679123034, 101.47742964473598, 1, 0.365680690775245, 0.143365924213755, 0.07221866702716542, 0.0456581498910103, 0.06536550770814392, 0.18565684155637013, 0.06281337974881773, 0.1418569364622109, 0.23827317908541906, 0.28185096367907175], "heaviness": 0, "type": 1, "comment": "0", "features": ["std", "var", "sum", "len", "delta", "v10"]}