{"vector": [0.1554515226246134, 0.024165175886310692, 139.02212810966859, 1, 0.5381296663520156, 0.35163240283101727, 0.46979061170814285, 0.42506826309348344, 0.3709055700918755, 0.2823425247202407, 0.039497348888238526, 0.17854775650354804, 0.30764695607909875, 0.10569727133957263], "heaviness": 0, "type": 1, "comment": "0", "features": ["std", "var", "sum", "len", "delta", "v10"]}