{"vector": [0.07106238116407844, 0.005049862016708771, 52.87163563584455, 1, 0.22817419907720954, 0.10996950903113445, 0.1799498719715094, 0.20197441817250278, 0.20182713216342407, 0.21888787638112078, 0.21162105156289923, 0.2236791976715493, 0.16195355481584478, 0.04431090843738805], "heaviness": 0, "type": 0, "comment": "0", "features": ["std", "var", "sum", "len", "delta", "v10"]}