{"vector": [0.15350435911778948, 0.023563588268163276, 176.60319788875603, 1, 0.7063526331194967, 0.3543947395587698, 0.4630527879540907, 0.28726402040625876, 0.296218199204876, 0.2403532723168066, 0.2512159487118752, 0.47721215426008173, 0.5475927602153317, 0.22558364152461569], "heaviness": 0, "type": 1, "comment": "0", "features": ["std", "var", "sum", "len", "delta", "v10"]}