{"vector": [0.080188513517616, 0.006430197700164884, 22.081003847826608, 1, 0.25193610642262493, 0.026313762624016968, 0.06365085090235606, 0.104227745010885, 0.1810742257246331, 0.2513075429289062, 0.20864914855802513, 0.11007264362812641, 0.06529464795611284, 0.02335935656928878], "heaviness": 0, "type": 0, "comment": "0", "features": ["std", "var", "sum", "len", "delta", "v10"]}