{"vector": [0.10739978796164132, 0.011534714454205517, 67.60287615264619, 1, 0.4398857193824909, 0.2185846285435622, 0.2382520238589313, 0.17356978220795594, 0.08275211617605993, 0.06968199206342351, 0.3092897919402461, 0.06278060280831976, 0.05590470395674607, 0.1950019696599561], "heaviness": 0, "type": 1, "comment": "0", "features": ["std", "var", "sum", "len", "delta", "v10"]}