{"vector": [0.0707489050091443, 0.0050054075599929235, 49.72018006196246, 1, 0.20005934221256638, 0.007278687489444796, 0.03005797694126447, 0.11024296973095449, 0.1749023725538903, 0.19158017594000482, 0.19704267764184902, 0.17080178980845262, 0.10972195828572862, 0.06631136063338156], "heaviness": 0, "type": 0, "comment": "0", "features": ["std", "var", "sum", "len", "delta", "v10"]}