{"vector": [0.08742983814692253, 0.007643976598397068, 70.74486995719485, 1, 0.3265650969872173, 0.19796931368413323, 0.29044777607662325, 0.32276035118011, 0.26179723559625995, 0.1387853949239422, 0.09248717836157005, 0.12102187643384427, 0.22565686474829094, 0.1688428277485003], "heaviness": 0, "type": 1, "comment": "0", "features": ["std", "var", "sum", "len", "delta", "v10"]}