{"vector": [0.16317944340280938, 0.02662753074925067, 54.52023628897906, 1, 0.5653150212072624, 0.038260838742006864, 0.0039223698171748644, 0.01516687563399427, 0.003105306839807087, 0.00713312458411175, 0.19940731445573867, 0.4081288128252608, 0.41631878092321406, 0.11190079623621901], "heaviness": 0, "type": 1, "comment": "0", "features": ["std", "var", "sum", "len", "delta", "v10"]}