{"vector": [0.03208804550776688, 0.0010296426645085182, 13.315479412876043, 1, 0.10015660138747268, 0.0005012689986771957, 0.050731847431955635, 0.0752477673629467, 0.08842161833510065, 0.06792327467237341, 0.0535892178336716, 0.043768613454246874, 0.018313295692815257, 1.7926443085569677e-05], "heaviness": 0, "type": 0, "comment": "0", "features": ["std", "var", "sum", "len", "delta", "v10"]}