{"vector": [0.0916857995507835, 0.008406285839266453, 69.8366333192757, 1, 0.38676967887478697, 0.16658268226391093, 0.3334262335813054, 0.3865573766638728, 0.36563542425266615, 0.3315365283696692, 0.3001266109531209, 0.33922805715574533, 0.302026290943716, 0.23550700971883587], "heaviness": 0, "type": 0, "comment": "0", "features": ["std", "var", "sum", "len", "delta", "v10"]}