{"vector": [0.14500429978667076, 0.02102624695662269, 63.73029004135941, 1, 0.4890929437540483, 0.07500456750241463, 0.17484627015696858, 0.2839890346721553, 0.366562971364641, 0.4884070309768639, 0.41689158054772124, 0.24674860948603383, 0.17155385286074798, 0.10538831197436699], "heaviness": 0, "type": 0, "comment": "0", "features": ["std", "var", "sum", "len", "delta", "v10"]}