{"vector": [0.0929596943323956, 0.008641504770372425, 90.08621223096702, 1, 0.41372843045704666, 0.11807408249316509, 0.1437403714530251, 0.18948042187830982, 0.0909779533138414, 0.08936447214821475, 0.27528254303913346, 0.28031471800654684, 0.30758124108601115, 0.19161447736983206], "heaviness": 0, "type": 0, "comment": "0", "features": ["std", "var", "sum", "len", "delta", "v10"]}