{"vector": [0.16586073873830243, 0.027509784654815416, 73.60307712406741, 1, 0.6577566594194918, 0.0669491323756661, 0.14402852817650447, 0.31388712665326435, 0.4682517412824669, 0.2804829794265577, 0.05562211163784536, 0.4797795993257821, 0.29458542118931524, 0.07102659244199835], "heaviness": 0, "type": 1, "comment": "0", "features": ["std", "var", "sum", "len", "delta", "v10"]}