{"vector": [0.07967398385697783, 0.006347943703641962, 44.152240753296915, 1, 0.32201057567550745, 0.11822248230868798, 0.21077228503928602, 0.2690622597441382, 0.16520852629574828, 0.06645403612328532, 0.044780366612505784, 0.16112082109571374, 0.18715124386604193, 0.08210274192483985], "heaviness": 0, "type": 0, "comment": "0", "features": ["std", "var", "sum", "len", "delta", "v10"]}