{"vector": [0.18262978037364083, 0.03335363667932429, 75.68960802174553, 1, 0.6432659895789449, 0.010205640407161154, 0.04008434816065404, 0.13012939423352374, 0.34775789431158005, 0.5515519700196865, 0.16845834499398188, 0.030125953065480437, 0.2400854702874171, 0.14027878705849803], "heaviness": 6, "type": 2, "comment": "\u041b\u041f", "features": ["std", "var", "sum", "len", "delta", "v10"]}