{"vector": [0.19294019472445292, 0.03722591874030982, 143.59310284667876, 1, 0.7153926668581316, 0.07266491477259007, 0.17874060289076638, 0.027251923695919278, 0.16697593722444382, 0.03807833442513492, 0.0073275798230550415, 0.5001095774625723, 0.5539778425231947, 0.14430074635474044], "heaviness": 8, "type": 2, "comment": "\u041b\u041f", "features": ["std", "var", "sum", "len", "delta", "v10"]}