{"vector": [0.041605978731683584, 0.0017310574662213068, 29.776597504589763, 1, 0.15474995455402013, 0.07642913052136135, 0.1139083409232925, 0.15404328436336207, 0.13627257252455421, 0.09436142002682169, 0.05953753807843465, 0.058188376183851864, 0.04166879610340413, 0.038777587845238215], "heaviness": 0, "type": 1, "comment": "0", "features": ["std", "var", "sum", "len", "delta", "v10"]}