{"vector": [0.20205100867557924, 0.040824610106818995, 142.7494191798827, 1, 0.682881508837277, 0.08776974342568297, 0.23070902407666183, 0.3324803034014018, 0.4153293929567424, 0.5431133121384587, 0.6313914446125362, 0.42066140459858714, 0.3301568364068193, 0.1009037962869479], "heaviness": 7, "type": 2, "comment": "\u041b\u041f", "features": ["std", "var", "sum", "len", "delta", "v10"]}