{"vector": [0.20626036971973516, 0.04254334011692184, 480.67152771645135, 1, 0.8458985467034689, 0.5133399420802698, 0.11303800053992996, 0.06572381631184183, 0.2654656542708307, 0.14274290587019486, 0.779941463432077, 0.34935171789129527, 0.32057575064212307, 0.22351815062278002], "heaviness": 17, "type": 3, "comment": "\u041b\u041f", "features": ["std", "var", "sum", "len", "delta", "v10"]}