{"vector": [0.09291394796224259, 0.008633001725930322, 111.17029891626737, 1, 0.32221167263461253, 0.01952907647285612, 0.12190088090572179, 0.03749867584198749, 0.19004359705763887, 0.28374454435842156, 0.27847826276469356, 0.1263736147009509, 0.13098791584279842, 0.10248767692122332], "heaviness": 0, "type": 1, "comment": "0", "features": ["std", "var", "sum", "len", "delta", "v10"]}