{"vector": [0.09975412517412172, 0.009950885489254343, 98.13453493492455, 1, 0.4142396137003261, 0.2826866564595975, 0.1305011382078813, 0.07921388119871439, 0.07071969539260997, 0.11830710111539347, 0.10628537303104019, 0.16415750946964586, 0.3740501806169278, 0.15742611072023474], "heaviness": 6, "type": 1, "comment": "\u041b\u041f", "features": ["std", "var", "sum", "len", "delta", "v10"]}