{"vector": [0.15078356740923085, 0.022735684200654062, 2347.651816833421, 1, 0.9093863373620786, 0.23688486627350794, 0.5169529813010489, 0.2352492279105385, 0.2923848055169034, 0.32537138423294587, 0.3946114481715217, 0.40905238319336745, 0.33358634350948646, 0.2529494212881004], "heaviness": 17, "type": 3, "comment": "\u041d\u0414\u0421+\u041b\u041f", "features": ["std", "var", "sum", "len", "delta", "v10"]}