{"vector": [0.21400182101112214, 0.045796779396076355, 115.76795311303314, 1, 0.667564760307923, 0.14424155478656692, 0.28982055041742144, 0.4491454723258028, 0.5685105577218701, 0.6262315341787583, 0.5616244107627726, 0.43834813985672055, 0.2087366997910196, 0.01144301139806081], "heaviness": 8, "type": 2, "comment": "\u041b\u041f", "features": ["std", "var", "sum", "len", "delta", "v10"]}