{"vector": [0.09093409333869876, 0.008269009331331177, 50.032024314366495, 1, 0.3726129128009266, 0.12327405263125102, 0.25778002033555314, 0.2815112583199042, 0.06589719390157212, 0.07258437450980071, 0.018912282059311614, 0.2350995104620398, 0.1153877885355038, 0.11730308577349319], "heaviness": 0, "type": 0, "comment": "0", "features": ["std", "var", "sum", "len", "delta", "v10"]}