{"vector": [0.1848380966121264, 0.03416512195919377, 52.65063411512597, 1, 0.6479926366208071, 0.025759619248560406, 0.04297458423591266, 0.10442353027156737, 0.21095869316775417, 0.36824519927353483, 0.48473164535042135, 0.49247413613234126, 0.3425624969340275, 0.1358679820085298], "heaviness": 0, "type": 0, "comment": "0", "features": ["std", "var", "sum", "len", "delta", "v10"]}