{"vector": [0.22138529043399122, 0.04901144682054264, 343.8104336623364, 1, 0.8325442518267023, 0.5551118068844811, 0.26315296258563636, 0.5213003943889857, 0.5147959139306275, 0.07801891196101818, 0.6516316937941682, 0.7953919353039208, 0.6886435602946491, 0.3627042768189929], "heaviness": 12, "type": 2, "comment": "\u041b\u041f", "features": ["std", "var", "sum", "len", "delta", "v10"]}