{"vector": [0.0876737197763067, 0.007686681139414352, 61.55245647102229, 1, 0.3237641268667207, 0.05898567038731306, 0.1296070089596717, 0.21663275868809595, 0.05328698049233441, 0.21724356072183248, 0.19332648600749075, 0.04653373497396307, 0.03616007562861287, 0.104381188586051], "heaviness": 0, "type": 1, "comment": "0", "features": ["std", "var", "sum", "len", "delta", "v10"]}