{"vector": [0.13790031631839245, 0.019016497240712693, 145.7488542534204, 1, 0.5847464180235913, 0.059021683740322906, 0.01324195494345115, 0.0064873335804830345, 0.21331351969632273, 0.17601390405842232, 0.2783066383040108, 0.1795835843697685, 0.213184589868618, 0.34982091358910894], "heaviness": 0, "type": 0, "comment": "0", "features": ["std", "var", "sum", "len", "delta", "v10"]}