{"vector": [0.05647497337428473, 0.0031894226176261697, 17.544141134332325, 1, 0.16831121139488714, 0.02406274985356649, 0.0015723877196076597, 0.006981222203305104, 0.03459375425109268, 0.08496049541795392, 0.11705945328196854, 0.12548127617285443, 0.16415329039714, 0.12160271425166347], "heaviness": 0, "type": 0, "comment": "0", "features": ["std", "var", "sum", "len", "delta", "v10"]}