{"vector": [0.06703517743124006, 0.004493715013237837, 20.88647592383971, 1, 0.21198433668329675, 0.06889329738524336, 0.1277254003009644, 0.10793550956668391, 0.0036949418675598644, 0.0342614169182584, 0.0886253123675042, 0.16136924603297054, 0.16348165308466311, 0.0571313250342968], "heaviness": 0, "type": 0, "comment": "0", "features": ["std", "var", "sum", "len", "delta", "v10"]}