{"vector": [0.21752058139345595, 0.0473152033297471, 152.8109673295533, 1, 0.8671216574872352, 0.06446399540231679, 0.08889176839013291, 0.6974219179969329, 0.13667633545365548, 0.29257595227922134, 0.1220739325617198, 0.2787972193730026, 0.003738296605383995, 0.09657398007623519], "heaviness": 7, "type": 2, "comment": "\u041b\u041f", "features": ["std", "var", "sum", "len", "delta", "v10"]}