{"vector": [0.06832481243882502, 0.004668279994800618, 38.4087165520054, 1, 0.21515593500592428, 0.03707273267747385, 0.017799242207284738, 0.040707755551707914, 0.11954908425645522, 0.16924328879327072, 0.179712373121164, 0.18163001521689592, 0.14114558128588933, 0.05420848677440859], "heaviness": 0, "type": 0, "comment": "0", "features": ["std", "var", "sum", "len", "delta", "v10"]}