{"vector": [0.12398530676452939, 0.015372356293494458, 82.1334957069389, 1, 0.48023596947006325, 0.16853829209087737, 0.33196215747236124, 0.317424483637917, 0.044761392526976945, 0.027752938166807628, 0.06538194187714508, 0.04961042290998824, 0.004812181609840982, 0.22443802331799512], "heaviness": 0, "type": 1, "comment": "0", "features": ["std", "var", "sum", "len", "delta", "v10"]}