{"vector": [0.13223320476720046, 0.01748562044300437, 93.65171207017536, 1, 0.5753511368347631, 0.20557846786589826, 0.5306751235011238, 0.35439158190609626, 0.414394303572998, 0.3171866890850933, 0.25931743430406917, 0.005057525880099688, 0.19569639980869283, 0.2648437681504173], "heaviness": 0, "type": 0, "comment": "0", "features": ["std", "var", "sum", "len", "delta", "v10"]}