{"vector": [0.07672648636163931, 0.005886953709402823, 52.021055908695395, 1, 0.3219367812924822, 0.049062200466417516, 0.23926568358492656, 0.08586393480561749, 0.12526004568781812, 0.08387402329452143, 0.0980345840126402, 0.08891278193131125, 0.14638143721491415, 0.10987011701458471], "heaviness": 0, "type": 0, "comment": "0", "features": ["std", "var", "sum", "len", "delta", "v10"]}