{"vector": [0.1404414695059441, 0.019723806356989025, 96.32765870516843, 1, 0.47962288544572285, 0.21884873582504372, 0.380121371849914, 0.44130772311725214, 0.39036087907774913, 0.19818212281982844, 0.05669725474908327, 0.07553754584793604, 0.15654058529026904, 0.2609696685545143], "heaviness": 0, "type": 0, "comment": "0", "features": ["std", "var", "sum", "len", "delta", "v10"]}