{"vector": [0.10108107790925873, 0.010217384311297633, 58.111120046343736, 1, 0.3411993747518761, 0.11453417230859728, 0.11257257817835184, 0.08037320656449107, 0.2382229330960378, 0.3214023980145362, 0.1939538718302731, 0.03051339600493866, 0.04256517913040278, 0.008083280282772998], "heaviness": 0, "type": 1, "comment": "0", "features": ["std", "var", "sum", "len", "delta", "v10"]}