{"vector": [0.09212898039559653, 0.008487749028732209, 9.917216025242768, 1, 0.3111538303949577, 0.011372062687730222, 0.012961109549435745, 0.005883155737254009, 0.036578237854861695, 0.14126691389228446, 0.22161638352253765, 0.1658304835159024, 0.022810890876098555, 0.08290671161694607], "heaviness": 0, "type": 0, "comment": "0", "features": ["std", "var", "sum", "len", "delta", "v10"]}