{"vector": [0.2179269861825351, 0.04749217130660283, 194.63984229753586, 1, 0.9629304183752522, 0.2748938257775782, 0.35161073978427865, 0.017281066461694583, 0.6304430851371136, 0.8135485735025123, 0.40507449690781827, 0.502632598458088, 0.39951375573262116, 0.26350912156239514], "heaviness": 9, "type": 2, "comment": "\u041b\u041f", "features": ["std", "var", "sum", "len", "delta", "v10"]}