{"vector": [0.07542760312629845, 0.005689323313378388, 63.99371193179309, 1, 0.26790593309559396, 0.08973159744561363, 0.17060938575605464, 0.22849001226406426, 0.2565429442685877, 0.2622923020251291, 0.25437591428819706, 0.2402360958553493, 0.21792693986526399, 0.16320278281150832], "heaviness": 0, "type": 1, "comment": "0", "features": ["std", "var", "sum", "len", "delta", "v10"]}