{"vector": [0.07134587909838107, 0.005090234464320808, 13.503284543513113, 1, 0.31477652762878894, 0.002020306377807035, 0.05761998425734488, 0.08620582030384721, 0.06704750008725147, 0.019100858362641915, 0.008108125774818398, 0.05189823974674673, 0.17208135436643135, 0.0826081269243113], "heaviness": 0, "type": 0, "comment": "0", "features": ["std", "var", "sum", "len", "delta", "v10"]}