{"vector": [0.13042554070440962, 0.017010821668037614, 242.87521464815237, 1, 0.5578773246583124, 0.22949523869703448, 0.1480954979129088, 0.21948210431019485, 0.4186245521941, 0.3416647204075022, 0.3949502136950436, 0.10469264129943928, 0.19744346915818323, 0.3439834678471543], "heaviness": 7, "type": 2, "comment": "\u041b\u041f?", "features": ["std", "var", "sum", "len", "delta", "v10"]}