{"vector": [0.0966552468125364, 0.009342236736392328, 72.01869497182005, 1, 0.4160862609573215, 0.2045083898438756, 0.22544364430815722, 0.15371867634922204, 0.14388179119518746, 0.21665782297811437, 0.15178419421737077, 0.03756478008370728, 0.014278982734527657, 0.1742225026938526], "heaviness": 0, "type": 1, "comment": "0", "features": ["std", "var", "sum", "len", "delta", "v10"]}