{"vector": [0.03896554173328676, 0.001518313442568512, 28.00066584814563, 1, 0.16569619351042664, 0.03182935044388224, 0.057007827488286644, 0.07859956438541732, 0.10823979948653456, 0.11702921517640552, 0.11218286980100273, 0.10325245828702118, 0.1103959924891803, 0.06792894340776656], "heaviness": 0, "type": 1, "comment": "0", "features": ["std", "var", "sum", "len", "delta", "v10"]}