{"vector": [0.13080181331707721, 0.017109114367035515, 419.8751510182276, 1, 0.5419436932774992, 0.4806775721536177, 0.44741412770937106, 0.46796632985249764, 0.17924763215103778, 0.23676477820374342, 0.16213930952620037, 0.40028559193820046, 0.43975562449622174, 0.48310621580848245], "heaviness": 7, "type": 2, "comment": "\u041b\u041f?", "features": ["std", "var", "sum", "len", "delta", "v10"]}