{"vector": [0.06612136418750855, 0.004372034802017138, 20.468726045753442, 1, 0.26234596236640184, 0.05277544632173825, 0.14384342334346156, 0.2327298467736204, 0.18646693040733076, 0.1103347536942974, 0.03126599054910584, 0.04870201232778365, 0.09259765637109779, 0.08588593952819545], "heaviness": 0, "type": 0, "comment": "0", "features": ["std", "var", "sum", "len", "delta", "v10"]}