{"vector": [0.1671610609438619, 0.027942820295877514, 130.6841746744523, 1, 0.5774453293970456, 0.3104207563906461, 0.5606321547220672, 0.4485306554276574, 0.09543423464885964, 0.279510797525448, 0.05895862187772938, 0.10207163517268425, 0.2790884135898602, 0.18788461738138507], "heaviness": 0, "type": 1, "comment": "0", "features": ["std", "var", "sum", "len", "delta", "v10"]}