{"vector": [0.06814807028688012, 0.004644159483825553, 156.44200282823473, 1, 0.29715873813858085, 0.19839827186230097, 0.22552103906913612, 0.20675705332658462, 0.15394947573438678, 0.07987960359902002, 0.15301978410867784, 0.16314225856257186, 0.2366191444916279, 0.24127120753984], "heaviness": 0, "type": 1, "comment": "0", "features": ["std", "var", "sum", "len", "delta", "v10"]}