{"vector": [0.22700483965232598, 0.05153119722557823, 684.0428543713265, 1, 0.9980726913675524, 0.2874734203611802, 0.06364108401078772, 0.16835768957603747, 0.2198313087398192, 0.014191299839506066, 0.07169089090390557, 0.8046260921882884, 0.21027019800735453, 0.6563394846152766], "heaviness": 15, "type": 3, "comment": "\u041b\u041f, \u041d\u0414\u0421?", "features": ["std", "var", "sum", "len", "delta", "v10"]}