{"vector": [0.2269750806138536, 0.05151768721966534, 167.3814171584718, 1, 0.9527804306325958, 0.16190530889961846, 0.7900168661380522, 0.45183754116991365, 0.6761391170952054, 0.5132547714290108, 0.26157699454366234, 0.3258439169015545, 0.34508576854636774, 0.23680644694528608], "heaviness": 9, "type": 2, "comment": "\u041b\u041f", "features": ["std", "var", "sum", "len", "delta", "v10"]}