{"vector": [0.059829323259723316, 0.0035795479217164694, 32.4808209773257, 1, 0.25297356084878353, 0.03821256742448775, 0.031006311400882725, 0.18376122709143072, 0.07294366038097588, 0.04145820457734717, 0.12644046900492678, 0.13171463762860847, 0.13291416901775172, 0.03612225008756209], "heaviness": 0, "type": 0, "comment": "0", "features": ["std", "var", "sum", "len", "delta", "v10"]}