{"vector": [0.11423211484012123, 0.013048976060846646, 119.6125122288368, 1, 0.4024941051014009, 0.03199223713158522, 0.12491471228291451, 0.2958375677226587, 0.2686549446590989, 0.23848123069476418, 0.24535039629713568, 0.12606903585265752, 0.052673463442641955, 0.14740770552015647], "heaviness": 5, "type": 1, "comment": "\u041b\u041f", "features": ["std", "var", "sum", "len", "delta", "v10"]}