{"vector": [0.13107236795208274, 0.017179965640566168, 191.00520069935664, 1, 0.45215487703469387, 0.30611678272736037, 0.2736524684423424, 0.31923779304506666, 0.3842351715595939, 0.41861595100452226, 0.3654690659757321, 0.2400804577194519, 0.16374259929574725, 0.0803750609061537], "heaviness": 0, "type": 1, "comment": "0", "features": ["std", "var", "sum", "len", "delta", "v10"]}