{"vector": [0.15850764599130981, 0.025124673837706397, 38.150233958660614, 1, 0.561543720204426, 0.008686098116060692, 0.15495804744743608, 0.11917827661229358, 0.27358461095841663, 0.4052879229886727, 0.29637870853129394, 0.16442955587993635, 0.034608627204457565, 0.0026490774779266424], "heaviness": 0, "type": 1, "comment": "0", "features": ["std", "var", "sum", "len", "delta", "v10"]}