{"vector": [0.17469414813829148, 0.030518045393763328, 533.2602986209192, 1, 0.7622442937760994, 0.4280825159150908, 0.23236123977949374, 0.4069408811468678, 0.41895146157540103, 0.2930943059370441, 0.2834228061695543, 0.08010186831600186, 0.24275285400691865, 0.24188446986429568], "heaviness": 14, "type": 2, "comment": "\u041b\u041f + \u041d\u0414\u0421", "features": ["std", "var", "sum", "len", "delta", "v10"]}