{"vector": [0.15908716568053582, 0.025308726284266257, 55.40385930376828, 1, 0.5023726199397657, 0.041879822411074685, 0.1086324927835075, 0.20788119537190397, 0.3091067131593166, 0.3791805015837223, 0.493625345649918, 0.3835914918664004, 0.18842789559931594, 0.07091551256231948], "heaviness": 5, "type": 1, "comment": "\u041b\u041f?", "features": ["std", "var", "sum", "len", "delta", "v10"]}