{"vector": [0.0641629824279739, 0.004116888314052487, 35.77465017530017, 1, 0.20906202879346736, 0.06514424022778334, 0.10933486166337594, 0.17295264732305055, 0.19740848147039525, 0.1958877181745718, 0.17445202945992272, 0.13077204042710605, 0.08022251508860234, 0.034422063527970226], "heaviness": 0, "type": 0, "comment": "0", "features": ["std", "var", "sum", "len", "delta", "v10"]}