{"vector": [0.07742740882321514, 0.005995003637077294, 55.434607267584475, 1, 0.37742364005210505, 0.19344560181015402, 0.014027071906290045, 0.09639739705771455, 0.08813077217874998, 0.05814900830736103, 0.0760365765214771, 0.07510818644486572, 0.06755417835638178, 0.11676835432215893], "heaviness": 0, "type": 1, "comment": "0", "features": ["std", "var", "sum", "len", "delta", "v10"]}