{"vector": [0.14296596884124516, 0.02043926824671588, 77.05291032910067, 1, 0.47626072270672853, 0.15614948269766588, 0.28730832215352375, 0.3566328411222882, 0.4467975399961943, 0.46234050943830507, 0.4435218348358899, 0.40247702301486277, 0.28102075554309813, 0.14489617112646463], "heaviness": 0, "type": 1, "comment": "0", "features": ["std", "var", "sum", "len", "delta", "v10"]}