{"vector": [0.11830444032725894, 0.01399594060114597, 99.07051468962604, 1, 0.41744128624044213, 0.04504671587083664, 0.10115897418115882, 0.15794042471121195, 0.19930667382739503, 0.22717678179171746, 0.30061740919455693, 0.2265396836476144, 0.22236572996972476, 0.05454808032147307], "heaviness": 6, "type": 1, "comment": "\u041b\u041f?", "features": ["std", "var", "sum", "len", "delta", "v10"]}