{"vector": [0.09106293674304033, 0.008292458448266964, 116.29646822791203, 1, 0.3473340709132907, 0.13952650149042112, 0.33757163469382234, 0.32104502646715244, 0.29292370849353716, 0.2677975982994884, 0.24641284334464542, 0.2373844232552742, 0.12310470104739013, 0.1968209937664393], "heaviness": 0, "type": 1, "comment": "0", "features": ["std", "var", "sum", "len", "delta", "v10"]}