{"vector": [0.04567413959661845, 0.0020861270278913894, 63.94546006069947, 1, 0.20988213244970438, 0.15940403516228285, 0.11889670213571868, 0.05555337988803383, 0.008268188649071473, 0.06874923247931147, 0.09449416117232978, 0.10277292233629254, 0.1069339050820089, 0.050160893376425486], "heaviness": 0, "type": 0, "comment": "0", "features": ["std", "var", "sum", "len", "delta", "v10"]}