{"vector": [0.08573559642600319, 0.007350592494522491, 49.84011647764493, 1, 0.31206232993003247, 0.03965108275395679, 0.0815307786876921, 0.02696152782325245, 0.04531005897954832, 0.10293176401658966, 0.1897247615168246, 0.26889606813444455, 0.19107257834702795, 0.05334388954884628], "heaviness": 0, "type": 1, "comment": "0", "features": ["std", "var", "sum", "len", "delta", "v10"]}