{"vector": [0.13187836626693014, 0.017391903489234577, 392.26424059018655, 1, 0.5823444933518651, 0.08817501604025912, 0.2273338742324666, 0.23492963591515564, 0.32021844104353503, 0.3266130642712408, 0.5435960334893262, 0.40551502800944483, 0.10283782796307533, 0.07396034630989845], "heaviness": 12, "type": 3, "comment": "\u041b\u041f", "features": ["std", "var", "sum", "len", "delta", "v10"]}