{"vector": [0.21843937468101698, 0.047715760411033724, 121.63363228534601, 1, 0.819007981243894, 0.19895933260850224, 0.481404627911137, 0.48034014861022406, 0.06013996962289325, 0.6719583814215158, 0.7193714141463854, 0.45060901122744873, 0.32285140433488585, 0.14564184024589655], "heaviness": 0, "type": 1, "comment": "0", "features": ["std", "var", "sum", "len", "delta", "v10"]}