{"vector": [0.07630871183643322, 0.005823019502135802, 28.647568097301033, 1, 0.263712346116016, 0.05050616515287021, 0.10790869034624906, 0.14617532831519153, 0.17267746564805353, 0.18542631318371405, 0.19477725196943385, 0.19303603480971232, 0.11943768773044439, 0.008088830060181462], "heaviness": 0, "type": 0, "comment": "0", "features": ["std", "var", "sum", "len", "delta", "v10"]}