{"vector": [0.036014660772399294, 0.0012970557905509965, 33.35154659278671, 1, 0.1356915816990512, 0.059793965848219555, 0.08729412185414992, 0.1250188253182561, 0.1262395971025454, 0.13154627302733368, 0.11448440004621929, 0.11885766310670742, 0.0874607961388082, 0.07140032798664042], "heaviness": 0, "type": 0, "comment": "0", "features": ["std", "var", "sum", "len", "delta", "v10"]}