{"vector": [0.06162985068163168, 0.003798238495040217, 24.1446987072566, 1, 0.20062777358626405, 0.010972638957862602, 0.0564773186219224, 0.11056969581810294, 0.15606730307442884, 0.16456503794397648, 0.12364519028969523, 0.07069137082496157, 0.0296989395310554, 0.004490857808304272], "heaviness": 0, "type": 1, "comment": "0", "features": ["std", "var", "sum", "len", "delta", "v10"]}