{"vector": [0.06150234103929488, 0.0037825379533137356, 16.407499683850908, 1, 0.23742192049965755, 0.027671484390950907, 0.048702568716026184, 0.09330228415863812, 0.12022980141036488, 0.1416041763693981, 0.15032338297075704, 0.1274799765816244, 0.04802550963184454, 0.00533420775586696], "heaviness": 0, "type": 0, "comment": "0", "features": ["std", "var", "sum", "len", "delta", "v10"]}