{"vector": [0.029152675283026258, 0.0008498784761575701, 13.542660014839965, 1, 0.10783684016940909, 0.029080224529336007, 0.06314205102423265, 0.07747296636068246, 0.028810670645295744, 0.01996470620796864, 0.004010635765810622, 0.02035628253778532, 0.04205793001477154, 0.048293754305739345], "heaviness": 0, "type": 0, "comment": "0", "features": ["std", "var", "sum", "len", "delta", "v10"]}