{"vector": [0.0772246390431371, 0.005963644875342816, 22.166487102983048, 1, 0.3352905657044267, 0.11623507072557288, 0.037074613526697664, 0.03713223116709441, 0.095918361084527, 0.1124038403937771, 0.043090762979231034, 0.03841300812252607, 0.2083443320348708, 0.09248635811021794], "heaviness": 0, "type": 0, "comment": "0", "features": ["std", "var", "sum", "len", "delta", "v10"]}