{"vector": [0.024572016559553635, 0.000603783997802978, 15.797939133797907, 1, 0.1080402349805934, 0.04025456373236591, 0.043816153616625, 0.03948772959329905, 0.06401987432576234, 0.10429339404458171, 0.0786841180505321, 0.06508169816599141, 0.051128784288646534, 0.03317329248589257], "heaviness": 0, "type": 0, "comment": "0", "features": ["std", "var", "sum", "len", "delta", "v10"]}