{"vector": [0.1580309051742483, 0.02497376699019226, 224.85242864648643, 1, 0.6827450733436413, 0.09606451518184078, 0.2965437962615514, 0.47652145878053087, 0.255949987764315, 0.2968863241135999, 0.4529135006942332, 0.5608153929126874, 0.18253092071609345, 0.20115326291780078], "heaviness": 10, "type": 2, "comment": "\u041b\u041f", "features": ["std", "var", "sum", "len", "delta", "v10"]}