{"vector": [0.07580063082436854, 0.005745735633372209, 14.577060424143497, 1, 0.2599871694750236, 0.05874389073140146, 0.0033109280233979965, 0.05699759311508379, 0.0049998649153770724, 0.13837677508022228, 0.1663297007204011, 0.13581990014655304, 0.07834090420681217, 0.013725764058955758], "heaviness": 0, "type": 1, "comment": "0", "features": ["std", "var", "sum", "len", "delta", "v10"]}