{"vector": [0.04011963941462834, 0.0016095854667597998, 30.816211825994355, 1, 0.1639263611097301, 0.08188277522906989, 0.1321621639485066, 0.15948183748365022, 0.15264374312994702, 0.09936351901323853, 0.06550903576878392, 0.08940339001313341, 0.1020541603903109, 0.0732241039780856], "heaviness": 0, "type": 0, "comment": "0", "features": ["std", "var", "sum", "len", "delta", "v10"]}