{"vector": [0.10179875615891648, 0.010362986755502537, 167.17761395104336, 1, 0.4515242849564777, 0.14767617374405484, 0.14408782102004525, 0.1359552473074136, 0.012976339045072727, 0.044418982317195654, 0.28917621154028117, 0.10554311526186966, 0.2537266760241895, 0.21553475644702613], "heaviness": 0, "type": 1, "comment": "0", "features": ["std", "var", "sum", "len", "delta", "v10"]}