{"vector": [0.09940337841240997, 0.009881031639800773, 29.54009421810599, 1, 0.3303224327638882, 0.016986803697508074, 0.17952135723757429, 0.23640780377526366, 0.06421058648301664, 0.0097973969311268, 0.14741684570355512, 0.1549362686233391, 0.10332298726526248, 0.04111754877105067], "heaviness": 0, "type": 0, "comment": "0", "features": ["std", "var", "sum", "len", "delta", "v10"]}