{"vector": [0.28021012676800006, 0.07851771514333865, 161.2136061430887, 1, 0.9665808126149981, 0.35588376920008286, 0.6516869241859444, 0.7579289257068555, 0.573741176567429, 0.01989141045656101, 0.034190089010684044, 0.23588078975577148, 0.4483884169498756, 0.3610476739281053], "heaviness": 11, "type": 2, "comment": "\u041b\u041f", "features": ["std", "var", "sum", "len", "delta", "v10"]}