{"vector": [0.06900957004020544, 0.00476232075713402, 55.247384472692374, 1, 0.27600628369378943, 0.12442409103677421, 0.24371518341559517, 0.27222361352912283, 0.20013808415091194, 0.10614817337724958, 0.09768382630645134, 0.1572419044962281, 0.18719261255819053, 0.1312851360319307], "heaviness": 0, "type": 0, "comment": "0", "features": ["std", "var", "sum", "len", "delta", "v10"]}