{"vector": [0.117112159893215, 0.013715257994853956, 150.78202080403392, 1, 0.42422691217189057, 0.08326396778296485, 0.2825473824355986, 0.35899474115269436, 0.21507976625117298, 0.3098709623465117, 0.3740419639032926, 0.30106349208646654, 0.10975350614550905, 0.12987569014123324], "heaviness": 0, "type": 1, "comment": "0", "features": ["std", "var", "sum", "len", "delta", "v10"]}