{"vector": [0.16595232533562612, 0.0275401742843015, 306.5420876695712, 1, 0.649963144261875, 0.39756563115107146, 0.24548275761506322, 0.14663248609777438, 0.14591451776413256, 0.06255756680497068, 0.22421832800034786, 0.46535740183678503, 0.4945861288722862, 0.5851851807061161], "heaviness": 6, "type": 1, "comment": "\u041d\u0414\u0421? \u041b\u041f?", "features": ["std", "var", "sum", "len", "delta", "v10"]}