{"vector": [0.0766354600151479, 0.005872993731733332, 279.48494576718105, 1, 0.2995820051875545, 0.2692149785814435, 0.09085787006680163, 0.14056701557879875, 0.2713213460374756, 0.14077411929436884, 0.05010059992683208, 0.22911183729714307, 0.1211161756759272, 0.2864531444765055], "heaviness": 12, "type": 2, "comment": "\u041d\u0414\u0421", "features": ["std", "var", "sum", "len", "delta", "v10"]}