{"vector": [0.10384924267679604, 0.010784665204544077, 47.785204453803146, 1, 0.34564060430894705, 0.059406717033991696, 0.16516023180602712, 0.2779220118694766, 0.33307144540876, 0.308761062206633, 0.2514768403606908, 0.19432647653632107, 0.1361126012801287, 0.08923866531116798], "heaviness": 0, "type": 0, "comment": "0", "features": ["std", "var", "sum", "len", "delta", "v10"]}