{"vector": [0.10860606231139082, 0.011795276770785706, 121.32108052323025, 1, 0.42045190284728196, 0.14005158964080633, 0.19408323334236488, 0.07229272845138385, 0.2531083514388027, 0.18597384545306966, 0.11637758764486367, 0.29216941068861557, 0.07902543903546116, 0.10665279909971137], "heaviness": 0, "type": 1, "comment": "0", "features": ["std", "var", "sum", "len", "delta", "v10"]}