{"vector": [0.23840896404322118, 0.05683883413616193, 82.91092767683769, 1, 0.9817702685712473, 0.12365958834782612, 0.746822592520665, 0.6107723618799634, 0.2983545367308431, 0.08612076247406983, 0.26577965999758457, 0.2345794841727494, 0.1773805925998264, 0.146647800708851], "heaviness": 0, "type": 1, "comment": "0", "features": ["std", "var", "sum", "len", "delta", "v10"]}