{"vector": [0.06162693034312699, 0.003797878543516626, 191.42033242738322, 1, 0.38446001413872033, 0.3674160572316578, 0.08317675630995292, 0.26469167400847526, 0.16386003114697306, 0.20231160456203626, 0.21781921469708612, 0.20313717305242054, 0.18269387919806113, 0.18333847279420062], "heaviness": 0, "type": 0, "comment": "0", "features": ["std", "var", "sum", "len", "delta", "v10"]}