{"vector": [0.08701577201875668, 0.007571744580020238, 46.5256059206047, 1, 0.3661571829882353, 0.15873024435615768, 0.297434557980608, 0.15345004283572983, 0.017247630190803664, 0.0956038003485794, 0.032185974070060075, 0.06470023889565657, 0.1373775449929472, 0.13897449415062557], "heaviness": 0, "type": 0, "comment": "0", "features": ["std", "var", "sum", "len", "delta", "v10"]}