{"vector": [0.1582671852528471, 0.025048501927859027, 124.35930474786237, 1, 0.6133849654289772, 0.07171488803050047, 0.012815851536194744, 0.10545117426372297, 0.38147444655900276, 0.333437865292189, 0.25675612155712735, 0.4076498451882268, 0.3718361412895721, 0.18579543867477288], "heaviness": 0, "type": 1, "comment": "0", "features": ["std", "var", "sum", "len", "delta", "v10"]}