{"vector": [0.08513089109773836, 0.007247268619094989, 117.78817226404604, 1, 0.30525303043654306, 0.14631481935927038, 0.2880961046898126, 0.2406461996513395, 0.1656942596102659, 0.16139297589570428, 0.2701229568077479, 0.19048962314600726, 0.09237476492469299, 0.04689091125659528], "heaviness": 0, "type": 1, "comment": "0", "features": ["std", "var", "sum", "len", "delta", "v10"]}