{"vector": [0.14572250112646043, 0.021235047334551258, 1251.3128954279127, 1, 0.7793377421139107, 0.33865677391310806, 0.37808380735363173, 0.5572387744453802, 0.4743161671472675, 0.5022603816257376, 0.3342858057408342, 0.38734639655917974, 0.44240576763851674, 0.37568970697109444], "heaviness": 10, "type": 3, "comment": "\u041d\u0414\u0421", "features": ["std", "var", "sum", "len", "delta", "v10"]}