{"vector": [0.13739985000425092, 0.018878718781190653, 71.50760670602597, 1, 0.4758038379720647, 0.12908960300377154, 0.2896617268690106, 0.397484462440274, 0.47001543812537916, 0.46924059518084305, 0.3678698177846783, 0.3435826044722676, 0.4139544921528615, 0.21062487214419046], "heaviness": 0, "type": 0, "comment": "0", "features": ["std", "var", "sum", "len", "delta", "v10"]}