{"vector": [0.10868371612309484, 0.011812150150325464, 50.7244913040165, 1, 0.377050655683396, 0.1311896466605002, 0.21842307568704306, 0.2971752012843823, 0.34777434679730707, 0.32471429599661256, 0.26956209582885676, 0.20226978322046935, 0.1549968184890465, 0.05448032678875231], "heaviness": 0, "type": 0, "comment": "0", "features": ["std", "var", "sum", "len", "delta", "v10"]}