{"vector": [0.28978679164182797, 0.08397638461006421, 275.27536766083136, 1, 0.9985540114451374, 0.27119006778408256, 0.16403626231398077, 0.2379089719828395, 0.12074281931412167, 0.7890119401943175, 0.6009916820476026, 0.83977739049926, 0.036260341842111354, 0.38047988472939975], "heaviness": 15, "type": 3, "comment": "\u041b\u041f", "features": ["std", "var", "sum", "len", "delta", "v10"]}