{"vector": [0.19080662958594086, 0.03640716989394644, 183.10345663102933, 1, 0.7105043898163812, 0.14488567815067466, 0.22404206547057703, 0.3660555472731937, 0.5852375906054875, 0.6679386093868347, 0.2976119525486129, 0.28833939852160223, 0.2068538050563703, 0.15045533961235727], "heaviness": 10, "type": 2, "comment": "\u041b\u041f", "features": ["std", "var", "sum", "len", "delta", "v10"]}