{"vector": [0.04006256999809727, 0.0016050095148524434, 0.6829732692874344, 1, 0.12586788338270738, 0.006551062421807224, 0.030185251875634173, 0.05050663549504622, 0.04830546224935525, 0.016285710984428242, 0.029214408814259463, 0.06685260390130018, 0.061708807000877525, 0.019144542404776477], "heaviness": 0, "type": 0, "comment": "0", "features": ["std", "var", "sum", "len", "delta", "v10"]}