{"vector": [0.04763629518969923, 0.002269216619400162, 42.487561376755735, 1, 0.20939741755956465, 0.16362200669400107, 0.038696974723747446, 0.0219231781998539, 0.07883126106493821, 0.12333037547234038, 0.14052547660747172, 0.11906575343912218, 0.07059807690093778, 0.054596350759369416], "heaviness": 0, "type": 0, "comment": "0", "features": ["std", "var", "sum", "len", "delta", "v10"]}