{"vector": [0.16905416912242774, 0.028579312097674402, 81.32055913870221, 1, 0.4984542123040925, 0.08474950049814567, 0.058847631110837906, 0.0025228688998324422, 0.17594977352472474, 0.262541013887489, 0.2672261280653268, 0.33007394185383077, 0.3995962508680502, 0.4206027814774167], "heaviness": 4, "type": 1, "comment": "\u041b\u041f", "features": ["std", "var", "sum", "len", "delta", "v10"]}