{"vector": [0.01568588924499141, 0.00024604712140613726, 8.071078759695604, 1, 0.054346734631106425, 0.0312657428845505, 0.044259317413075205, 0.047522173229923165, 0.04504759975493461, 0.041027027707295216, 0.03715076550784019, 0.030550907353001727, 0.020268445886360315, 0.006048761146753484], "heaviness": 0, "type": 0, "comment": "0", "features": ["std", "var", "sum", "len", "delta", "v10"]}