{"vector": [0.08033654890745799, 0.0064539610903603896, 65.42835923627143, 1, 0.2837794493940038, 0.07546184919834009, 0.15723468014850667, 0.1711686605325335, 0.26305354264535113, 0.22909147139451885, 0.1998427419126449, 0.2384251852610924, 0.17765679619269525, 0.057243167473265966], "heaviness": 0, "type": 1, "comment": "0", "features": ["std", "var", "sum", "len", "delta", "v10"]}