{"vector": [0.17060362804469204, 0.029105597902011632, 285.4737970213709, 1, 0.639635213123225, 0.2329997883812328, 0.46410628670608134, 0.4810881099298042, 0.5835401328627983, 0.1307954662235522, 0.15831415910838265, 0.39182939034437847, 0.38178078906634494, 0.2265556043363799], "heaviness": 10, "type": 2, "comment": "\u041b\u041f", "features": ["std", "var", "sum", "len", "delta", "v10"]}