{"vector": [0.08578584718966771, 0.007359211578049019, 55.28391175968502, 1, 0.29903670692171014, 0.02858971657738585, 0.11649150647821738, 0.22475493318368478, 0.2605145840868536, 0.29331736922980567, 0.22441264633856295, 0.1909209701293335, 0.2150406650323592, 0.18185313407569226], "heaviness": 0, "type": 0, "comment": "0", "features": ["std", "var", "sum", "len", "delta", "v10"]}