{"vector": [0.030537709534908575, 0.0009325517036384462, 45.70211533516007, 1, 0.1349066194729271, 0.09723041660561493, 0.08824152071984248, 0.06606073145970909, 0.06044168467738159, 0.05689517154116214, 0.07512088925138088, 0.10384940851987651, 0.10813635039791031, 0.053748809296568945], "heaviness": 0, "type": 0, "comment": "0", "features": ["std", "var", "sum", "len", "delta", "v10"]}