{"vector": [0.161874113798707, 0.02620322871811674, 166.6466561500213, 1, 0.6075181054427556, 0.23048552059474775, 0.4451590412143436, 0.502823246445764, 0.4672612046414243, 0.6069849869588441, 0.48331152931213495, 0.33073176054890924, 0.2306344766245748, 0.20654865863174615], "heaviness": 0, "type": 1, "comment": "0", "features": ["std", "var", "sum", "len", "delta", "v10"]}