{"vector": [0.2036617264056058, 0.041478098802511826, 300.26199564218905, 1, 0.7435904714188337, 0.1619007406325882, 0.3136183821983054, 0.22380764455113134, 0.14926302402538028, 0.25116899142620847, 0.37887487427623856, 0.737031626276864, 0.6641385643319406, 0.42355914397860395], "heaviness": 10, "type": 2, "comment": "\u041b\u041f", "features": ["std", "var", "sum", "len", "delta", "v10"]}