{"vector": [0.048957198421983164, 0.0023968072773294306, 34.72686261622123, 1, 0.2172838730812135, 0.12118765155993694, 0.10194699938848883, 0.029982902902677466, 0.07157343609950717, 0.0813896680548239, 0.14317326594337398, 0.1484826462820498, 0.12308024433587475, 0.08286123308785537], "heaviness": 0, "type": 0, "comment": "0", "features": ["std", "var", "sum", "len", "delta", "v10"]}