{"vector": [0.07981225296168493, 0.006369995722819983, 63.00823094162358, 1, 0.3625358933038464, 0.1317975839509461, 0.02163170191663988, 0.015890730161530975, 0.1962548058318342, 0.20160515389301492, 0.11877833424134443, 0.16777480925709543, 0.14514831545205253, 0.16003303056149676], "heaviness": 0, "type": 1, "comment": "0", "features": ["std", "var", "sum", "len", "delta", "v10"]}