{"vector": [0.06693250427279812, 0.004479960128228138, 21.78596649995831, 1, 0.2456767136264436, 0.06152683557237393, 0.091376984369265, 0.11536553470001476, 0.1003634632499702, 0.09612519907679412, 0.030059691305055036, 0.08051192900754711, 0.14627874114612338, 0.14165235343386529], "heaviness": 0, "type": 0, "comment": "0", "features": ["std", "var", "sum", "len", "delta", "v10"]}