{"vector": [0.1453784950201086, 0.021134906814311745, 34.286961182784175, 1, 0.41973557893300745, 0.012472819588890571, 0.09611213849252176, 0.21756165710425895, 0.32918280250364773, 0.3851278077349201, 0.34337335969998967, 0.22645482472415873, 0.1075463159151604, 0.010947004285485451], "heaviness": 0, "type": 0, "comment": "0", "features": ["std", "var", "sum", "len", "delta", "v10"]}