{"vector": [0.1682078565734328, 0.02829388301302854, 52.14168548765854, 1, 0.5091683116325101, 0.08606867425900716, 0.1875379850610046, 0.2953450161911702, 0.4064057401012041, 0.45987515075880253, 0.4295832881923096, 0.3032727420951617, 0.09940173504258548, 0.0301012697956472], "heaviness": 0, "type": 1, "comment": "0", "features": ["std", "var", "sum", "len", "delta", "v10"]}