{"vector": [0.06186867942612778, 0.0038277334939329673, 24.59091642172707, 1, 0.23529473090314862, 0.04491499573644575, 0.09731149872053196, 0.13482256806231274, 0.1505690824893801, 0.16242032202460405, 0.18107784504748103, 0.21271524751496895, 0.14759136114012666, 0.06871109502933198], "heaviness": 0, "type": 0, "comment": "0", "features": ["std", "var", "sum", "len", "delta", "v10"]}