{"vector": [0.15502501227946838, 0.02403275443224932, 36.597625493169666, 1, 0.5121555858138302, 0.0760030059667805, 0.18312298553165934, 0.2966942921149733, 0.37320925305440994, 0.381807463484746, 0.2974868079868112, 0.14644655700015213, 0.055758002225138936, 0.003111887390982504], "heaviness": 0, "type": 0, "comment": "0", "features": ["std", "var", "sum", "len", "delta", "v10"]}