{"vector": [0.3250695468432282, 0.10567021028486175, 415.70815267343875, 1, 0.9972374716071963, 0.1408100927872009, 0.5585239738956719, 0.9395683455632499, 0.3164631383459853, 0.0435203770951213, 0.7718001316387514, 0.8914970510679012, 0.05608329711923987, 0.12525199754766794], "heaviness": 13, "type": 3, "comment": "\u041b\u041f", "features": ["std", "var", "sum", "len", "delta", "v10"]}