{"vector": [0.20142325844501993, 0.040571329042609294, 228.72460922802975, 1, 0.7457344380271129, 0.20341062546809718, 0.45322886359487746, 0.4577083477560796, 0.31968574217466705, 0.43321881088556513, 0.7032891262563788, 0.7018407608370972, 0.4453860284951059, 0.1961944688267243], "heaviness": 12, "type": 2, "comment": "\u041b\u041f", "features": ["std", "var", "sum", "len", "delta", "v10"]}