{"vector": [0.07768823967458036, 0.0060354625837350405, 104.92228418514996, 1, 0.2724879197737193, 0.14693521554943917, 0.04033098032313598, 0.23791601418371866, 0.0036147611379420685, 0.178118039079405, 0.22772360593134383, 0.24815702491205133, 0.0035695945674569796, 0.11155262606125], "heaviness": 0, "type": 1, "comment": "0", "features": ["std", "var", "sum", "len", "delta", "v10"]}