{"vector": [0.17824772907185576, 0.0317722529192737, 117.02062750028593, 1, 0.5812770389684322, 0.07407290799169464, 0.3919033619747936, 0.36714862120337993, 0.3172974827617247, 0.39188381111308135, 0.4962108631849105, 0.5672594142453972, 0.19716745308502048, 0.11164470282694561], "heaviness": 6, "type": 1, "comment": "\u041b\u041f?", "features": ["std", "var", "sum", "len", "delta", "v10"]}