{"vector": [0.08330065509822268, 0.006938999139793053, 158.89158009758629, 1, 0.31502434238050436, 0.005515889208277502, 0.02640513593496585, 0.10652867633112889, 0.17623615024177092, 0.1657339516802353, 0.06356552891423223, 0.09709307582743404, 0.22863413675451522, 0.1472093027367425], "heaviness": 11, "type": 2, "comment": "\u041d\u0414\u0421", "features": ["std", "var", "sum", "len", "delta", "v10"]}