{"vector": [0.08788514782427559, 0.007723799208094772, 50.736259562114356, 1, 0.26453244732918185, 0.10575092199714237, 0.1755073306527169, 0.24030367588947715, 0.25827081512188993, 0.1871491511888047, 0.0685880365217853, 0.0017672607899739678, 0.011863175625475009, 0.07822600544278999], "heaviness": 0, "type": 0, "comment": "0", "features": ["std", "var", "sum", "len", "delta", "v10"]}