{"vector": [0.14630718109478547, 0.02140579123990235, 156.25036971278536, 1, 0.6499471093831892, 0.1743105805424145, 0.24948302800565053, 0.3439855501843541, 0.33230434933533026, 0.1417726433561199, 0.21256906385250712, 0.4021816783271677, 0.49246016466387116, 0.3107357842781251], "heaviness": 8, "type": 2, "comment": "\u043b\u043f", "features": ["std", "var", "sum", "len", "delta", "v10"]}