{"vector": [0.12217417426710839, 0.01492652885784977, 89.92994071717035, 1, 0.5135426822396453, 0.16050066187273823, 0.18536501781844833, 0.13018696276837488, 0.2869406592025346, 0.46322457518443905, 0.18708815597403683, 0.041055653418276994, 0.14612793794272944, 0.15769301904395233], "heaviness": 0, "type": 1, "comment": "0", "features": ["std", "var", "sum", "len", "delta", "v10"]}