{"vector": [0.07762391428216099, 0.006025472068484277, 64.68403450237557, 1, 0.30142834144997255, 0.08317470535787644, 0.07926572416645819, 0.14480608819568244, 0.19464268538101634, 0.2019663419513412, 0.21734906391795092, 0.2804823060272913, 0.2682101642761682, 0.16921970454824423], "heaviness": 0, "type": 0, "comment": "0", "features": ["std", "var", "sum", "len", "delta", "v10"]}