{"vector": [0.11391378294722898, 0.012976349945348395, 374.38494859464925, 1, 0.41696510216876825, 0.0377804690581105, 0.26321940008174566, 0.3296755512904569, 0.22452304502983805, 0.10230958582799515, 0.020628096402002583, 0.3408995015613375, 0.39633268460718474, 0.2461298148515717], "heaviness": 12, "type": 2, "comment": "\u041d\u0414\u0421?", "features": ["std", "var", "sum", "len", "delta", "v10"]}