{"vector": [0.05996527544499597, 0.003595834259194237, 47.82452185134566, 1, 0.28545315218652184, 0.023507882941059544, 0.12296658443653419, 0.07586693774665587, 0.07408433398860215, 0.014258033172257378, 0.03198538686470398, 0.018212971387787213, 0.12520303663914062, 0.1920040936125899], "heaviness": 0, "type": 1, "comment": "0", "features": ["std", "var", "sum", "len", "delta", "v10"]}