{"vector": [0.054623066881464837, 0.002983679435536981, 14.692688251702233, 1, 0.17278742718477885, 0.07654782104547925, 0.12435025827038682, 0.13381924526007005, 0.09191341403543074, 0.02281013662549225, 0.029197874752070863, 0.028572392499269073, 0.018159785485766744, 0.05943761292383237], "heaviness": 0, "type": 0, "comment": "0", "features": ["std", "var", "sum", "len", "delta", "v10"]}