{"vector": [0.011824173696012094, 0.00013981108359346428, 4.583725063158137, 1, 0.04619817997550052, 0.009113954578538752, 0.013539974239287211, 0.009860982266062301, 0.0010625621920300476, 0.009261431280205457, 0.016988959848179552, 0.029050955524135946, 0.03713716175310067, 0.024896066443250597], "heaviness": 0, "type": 0, "comment": "0", "features": ["std", "var", "sum", "len", "delta", "v10"]}