{"vector": [0.19474453879490086, 0.03792543539043865, 69.69106367857711, 1, 0.7012408299577928, 0.09715623378873106, 0.27465831634032284, 0.4178171899861219, 0.54242279484778, 0.5009690366765902, 0.474940361580311, 0.4197697127797874, 0.26591080178541365, 0.07593642109717552], "heaviness": 0, "type": 1, "comment": "0", "features": ["std", "var", "sum", "len", "delta", "v10"]}