{"vector": [0.14815965980550133, 0.02195128479368189, 378.327056566487, 1, 0.5745257522321072, 0.5002068339447676, 0.10652473810611338, 0.288758504305199, 0.15242891371687944, 0.043327511490738435, 0.5068065205032452, 0.13254885324450028, 0.10894897477711202, 0.38126129965779987], "heaviness": 6, "type": 2, "comment": "\u041d\u0414\u0421?", "features": ["std", "var", "sum", "len", "delta", "v10"]}