{"vector": [0.13860593337977703, 0.019211604768079187, 139.29791938761002, 1, 0.5139224541340031, 0.31951577336199005, 0.12471411531324739, 0.10015477305376236, 0.20397681102397658, 0.3631242743380327, 0.32387210005333844, 0.04877643852876684, 0.1437339116616756, 0.032061378045530387], "heaviness": 0, "type": 1, "comment": "0", "features": ["std", "var", "sum", "len", "delta", "v10"]}