{"vector": [0.17965389456263955, 0.03227552183152401, 293.1485251508242, 1, 0.8044828170710001, 0.009908918875801975, 0.14521521927203096, 0.09354637423753587, 0.1828993142173615, 0.642500358963726, 0.3223582634490104, 0.06171100193505502, 0.17858590276133612, 0.19792959054776893], "heaviness": 16, "type": 3, "comment": "\u041b\u041f", "features": ["std", "var", "sum", "len", "delta", "v10"]}