{"vector": [0.04135482230378651, 0.0017102213277777583, 24.270170951699846, 1, 0.15671882913324595, 0.06957905759586144, 0.13955552578061822, 0.15671882913324595, 0.1509218078818376, 0.10367534973335682, 0.05922767791104924, 0.0549788394974379, 0.07180477754952042, 0.09391267534204303], "heaviness": 0, "type": 0, "comment": "0", "features": ["std", "var", "sum", "len", "delta", "v10"]}