{"vector": [0.1337999940843305, 0.017902438416966874, 128.42508758079458, 1, 0.4915957697758905, 0.3921235852747136, 0.45562035251803146, 0.18501552712495004, 0.05411719985702809, 0.13820576537052956, 0.10359487712614321, 0.05882761333780337, 0.12943004924869927, 0.13544720724474008], "heaviness": 3, "type": 2, "comment": "\u041b\u041f", "features": ["std", "var", "sum", "len", "delta", "v10"]}