{"vector": [0.13080109088194689, 0.017108925375907327, 43.25847422993092, 1, 0.4325114750557648, 0.04271385029720021, 0.1668039222666266, 0.2945525529552324, 0.3846035201196344, 0.367022057984443, 0.2456417874603637, 0.08484563116488253, 0.011530070709952378, 0.18691558036317307], "heaviness": 0, "type": 0, "comment": "0", "features": ["std", "var", "sum", "len", "delta", "v10"]}