{"vector": [0.13046936744632479, 0.017022255841844112, 237.2653139939961, 1, 0.7438375713087102, 0.6587495000172829, 0.5470116360810566, 0.5020236719681248, 0.35813996938054643, 0.4335790635794216, 0.5907760625465965, 0.594709218587741, 0.5139408372608287, 0.5662906560235099], "heaviness": 0, "type": 0, "comment": "0", "features": ["std", "var", "sum", "len", "delta", "v10"]}