{"vector": [0.33507189240414276, 0.11227317307929344, 147.66982295672472, 1, 0.9817659413646465, 0.10173823422864492, 0.31410718583465624, 0.5762727277493714, 0.8070722718716772, 0.9217977767902571, 0.8731458697102014, 0.657872507226996, 0.32418704442314195, 0.06483260280158187], "heaviness": 9, "type": 2, "comment": "\u041b\u041f", "features": ["std", "var", "sum", "len", "delta", "v10"]}