{"vector": [0.027996337415382114, 0.0007837949086759245, 13.831391719135178, 1, 0.1062790071833811, 0.060290362232059275, 0.104306913736638, 0.09540311231536713, 0.06545575306018286, 0.03616493580937316, 0.021755873300664696, 0.046372659961891854, 0.08240019163441908, 0.08802542763262339], "heaviness": 0, "type": 0, "comment": "0", "features": ["std", "var", "sum", "len", "delta", "v10"]}