{"vector": [0.09068508347437274, 0.00822378436475395, 175.40532264332165, 1, 0.3747944060751331, 0.23818314411326702, 0.12962628792507758, 0.27161576505614005, 0.32307959631856376, 0.0037022038874998664, 0.303305105911075, 0.30310536173249003, 0.24925060023669104, 0.13906896617593378], "heaviness": 7, "type": 2, "comment": "\u041b\u041f?", "features": ["std", "var", "sum", "len", "delta", "v10"]}