{"vector": [0.186251790704297, 0.034689729540557254, 77.31139882898124, 1, 0.5884001486748833, 0.2160094509977442, 0.3994496737264589, 0.5157423191793752, 0.5880362138182458, 0.5683858487738793, 0.5192756211823675, 0.47183769492535366, 0.34684561417070003, 0.13105173528104375], "heaviness": 0, "type": 0, "comment": "0", "features": ["std", "var", "sum", "len", "delta", "v10"]}