{"vector": [0.10759088363639242, 0.011575798241659734, 259.43958741147543, 1, 0.4615391362799861, 0.3898116108822708, 0.46117618801434335, 0.39375015643403055, 0.2060682357731748, 0.21100628743270827, 0.3875796534895398, 0.34318204459679985, 0.17676431811542542, 0.27925842357682196], "heaviness": 0, "type": 1, "comment": "0", "features": ["std", "var", "sum", "len", "delta", "v10"]}