{"vector": [0.14464072569977957, 0.020920939530958874, 55.32603963028616, 1, 0.4586473324490094, 0.005896584396276938, 0.22724518250773218, 0.13763181135059888, 0.038748205279561965, 0.10323186007234364, 0.32340287295578857, 0.33334203039229005, 0.29121723874375355, 0.07716234214599094], "heaviness": 0, "type": 0, "comment": "0", "features": ["std", "var", "sum", "len", "delta", "v10"]}