{"vector": [0.09091736173514102, 0.008265966664878483, 148.17091280784, 1, 0.3485507115935336, 0.2291344711790925, 0.21417160188430043, 0.0696903171825222, 0.25287639671175643, 0.29676152872611194, 0.3337071932242569, 0.26927815994732945, 0.17665418403854224, 0.12227570072797664], "heaviness": 7, "type": 1, "comment": "\u041b\u041f", "features": ["std", "var", "sum", "len", "delta", "v10"]}