{"vector": [0.058597160629654095, 0.003433627233857484, 55.34819253167954, 1, 0.2754874904689516, 0.24621930699181427, 0.21005039578871365, 0.14383941853718996, 0.07542511852744149, 0.071059360994425, 0.11840678250314363, 0.15744784201040785, 0.15426227325056974, 0.13000553494548361], "heaviness": 0, "type": 0, "comment": "0", "features": ["std", "var", "sum", "len", "delta", "v10"]}