{"vector": [0.20407488558793663, 0.04164655892772942, 320.6742967791893, 1, 0.9226642546628839, 0.009892860625536126, 0.06923593194413635, 0.11633389036380426, 0.35281869114376885, 0.23780415854485443, 0.10786828831303447, 0.25648277933146113, 0.002963969091397678, 0.8380308495156841], "heaviness": 14, "type": 3, "comment": "\u041d\u0414\u0421+\u041b\u041f", "features": ["std", "var", "sum", "len", "delta", "v10"]}