{"vector": [0.18034596528159386, 0.03252466719334986, 44.42616265626063, 1, 0.5765592108042952, 0.02453267261226466, 0.07228457823254053, 0.2064615084052278, 0.46731440660989365, 0.44941453066381964, 0.14864539528219467, 0.1602649270008218, 0.1603275988206474, 0.01829708034164884], "heaviness": 0, "type": 1, "comment": "0", "features": ["std", "var", "sum", "len", "delta", "v10"]}