{"vector": [0.15109464159423602, 0.02282959071849064, 143.0563587066985, 1, 0.5551143211666838, 0.10405511793839162, 0.38657715835491324, 0.5068369437956239, 0.4305941554561159, 0.3464207550634364, 0.2563229598379575, 0.22007036266000413, 0.2367003532968337, 0.16507251836390324], "heaviness": 12, "type": 1, "comment": "\u041b\u041f", "features": ["std", "var", "sum", "len", "delta", "v10"]}