{"vector": [0.1388192484765097, 0.01927078374758294, 182.8981418497768, 1, 0.5644459949144545, 0.29309488614311413, 0.006906272488106546, 0.2718199075150279, 0.13083690507375673, 0.356482482984918, 0.16362790843789282, 0.15177383175907938, 0.08130911103697003, 0.04707275424763502], "heaviness": 0, "type": 1, "comment": "0", "features": ["std", "var", "sum", "len", "delta", "v10"]}