{"vector": [0.042720844736264765, 0.001825070574980041, 16.84490184825694, 1, 0.13204626048041657, 0.000687801712356495, 0.009160953526332394, 0.038809603192309416, 0.07399663453796301, 0.10291732234976592, 0.108898826190858, 0.1082117141249711, 0.0779452204133877, 0.04205485569819445], "heaviness": 0, "type": 0, "comment": "0", "features": ["std", "var", "sum", "len", "delta", "v10"]}