{"vector": [0.058878156201318324, 0.003466637277666839, 141.2291869894107, 1, 0.22746251522472177, 0.19129440759612115, 0.12845622915259952, 0.1050570591907119, 0.03285194983558726, 0.038728587908468226, 0.20036528645214763, 0.017290559426527297, 0.12330817112577108, 0.044005903513353595], "heaviness": 4, "type": 1, "comment": "\u041d\u0414\u0421?", "features": ["std", "var", "sum", "len", "delta", "v10"]}