{"vector": [0.06566730919587577, 0.004312195497026751, 152.15609263824672, 1, 0.2838230571573011, 0.10627779920965746, 0.2773291147167757, 0.17130669886616406, 0.16088942592797179, 0.2332789565485609, 0.1961543002340138, 0.28061549258473784, 0.13980309915295153, 0.1266095482180533], "heaviness": 0, "type": 1, "comment": "0", "features": ["std", "var", "sum", "len", "delta", "v10"]}