{"vector": [0.011001634202691625, 0.0001210359551298342, 5.443735548542785, 1, 0.04475928239148752, 0.021286897773513863, 0.03852081492248241, 0.040762048292606656, 0.02312032138907591, 0.021771115024411786, 0.0053164998026022925, 0.010333974413132302, 0.019110280040828542, 0.01796226764572137], "heaviness": 0, "type": 0, "comment": "0", "features": ["std", "var", "sum", "len", "delta", "v10"]}