{"vector": [0.12701284142589964, 0.01613226188708073, 70.77843760917493, 1, 0.43089682750207065, 0.1263657300100794, 0.20923616722505217, 0.2852661924435709, 0.37255245838337575, 0.4028715698959487, 0.32666265544189327, 0.2663761573658932, 0.1426796250506201, 0.03819360074497846], "heaviness": 0, "type": 1, "comment": "0", "features": ["std", "var", "sum", "len", "delta", "v10"]}