{"vector": [0.16290965071684385, 0.026539554296684063, 85.7632810650064, 1, 0.5382274185488809, 0.11308898479597779, 0.26012592893604164, 0.4216904753168374, 0.5271331608977048, 0.5258256675193176, 0.428926918778565, 0.3267363142439466, 0.23091921329189374, 0.14423750277854713], "heaviness": 0, "type": 1, "comment": "\u041b\u041f?", "features": ["std", "var", "sum", "len", "delta", "v10"]}