{"vector": [0.09319652918615463, 0.008685593052345772, 53.37553266408333, 1, 0.33504812347308954, 0.056773186901615286, 0.13138003614120267, 0.10948159562325005, 0.14248520035874565, 0.20876669453133703, 0.24315641791679712, 0.2701779887750132, 0.22093328706903667, 0.015385546618617935], "heaviness": 0, "type": 1, "comment": "0", "features": ["std", "var", "sum", "len", "delta", "v10"]}