{"vector": [0.14555250166602954, 0.021185530741239533, 50.01927320926448, 1, 0.5147715613781841, 0.027167264951001635, 0.17200230855777382, 0.3527470598362049, 0.37761968989210726, 0.24984859177823315, 0.023169366631806132, 0.040923103016359264, 0.07433074443084137, 0.05087436408288881], "heaviness": 6, "type": 1, "comment": "\u041b\u041f", "features": ["std", "var", "sum", "len", "delta", "v10"]}