{"vector": [0.12395952076087687, 0.015365962787266261, 37.35628999240416, 1, 0.3600020985519133, 0.002229534991581239, 0.016149217533419635, 0.050143094511287345, 0.14213429061447963, 0.2656627099992518, 0.3073320167000596, 0.2753916806271925, 0.12293014796403429, 0.028146170948030402], "heaviness": 0, "type": 1, "comment": "0", "features": ["std", "var", "sum", "len", "delta", "v10"]}