{"vector": [0.3120336399369651, 0.09736499245231157, 80.89767431060633, 1, 0.9982899478993728, 0.08544728519118774, 0.06987589671742464, 0.08202604522470622, 0.5873496226675904, 0.8247157011264833, 0.41664884027683613, 0.0846064043226881, 0.026247312813914125, 0.055817864682063484], "heaviness": 14, "type": 2, "comment": "\u041b\u041f", "features": ["std", "var", "sum", "len", "delta", "v10"]}