{"vector": [0.05434975431571222, 0.002953895794178279, 57.03712572990135, 1, 0.2322928003654839, 0.024454562918784895, 0.10381998649397362, 0.14700352132062267, 0.1081565053139737, 0.09166111283856804, 0.07501136670077124, 0.05819542668920952, 0.15734188833095653, 0.11999923967812076], "heaviness": 0, "type": 0, "comment": "0", "features": ["std", "var", "sum", "len", "delta", "v10"]}