{"vector": [0.11947713894740303, 0.01427478673105705, 38.82119624071259, 1, 0.4293966896332977, 0.10634698537371551, 0.10904815767751896, 0.11971706004085708, 0.09651233551734828, 0.045215651459483086, 0.043749270417038855, 0.24971892916087635, 0.2640849198247614, 0.10233058373588017], "heaviness": 0, "type": 1, "comment": "0", "features": ["std", "var", "sum", "len", "delta", "v10"]}