{"vector": [0.02982105338878544, 0.0008892952252167917, 83.79606509424183, 1, 0.15633940699786442, 0.12167045465843895, 0.1504205067777008, 0.14239284656540785, 0.15567376851580828, 0.14684358838799405, 0.12694522255381457, 0.0952861603598455, 0.10292469025648454, 0.12514012630256854], "heaviness": 0, "type": 0, "comment": "0", "features": ["std", "var", "sum", "len", "delta", "v10"]}