{"vector": [0.21623734255584087, 0.046758588315612075, 171.2801892573502, 1, 0.9865066246983485, 0.028054781216295954, 0.1734556321022701, 0.4253172506993696, 0.24821539195981374, 0.374504726421862, 0.38744317198556716, 0.38329244154272796, 0.2528527920743583, 0.1508749872025537], "heaviness": 0, "type": 2, "comment": "0", "features": ["std", "var", "sum", "len", "delta", "v10"]}