{"vector": [0.0613732323748342, 0.003766673652135397, 25.959158115354857, 1, 0.17839557378811954, 0.04221947864921349, 0.11600426079872322, 0.1060509308578384, 0.16622562871666297, 0.17610300580598243, 0.13960291114274287, 0.07118441554194488, 0.02167227756317955, 0.00368597925959277], "heaviness": 0, "type": 0, "comment": "0", "features": ["std", "var", "sum", "len", "delta", "v10"]}