{"vector": [0.15923304257730395, 0.025355161848425487, 431.06938191666796, 1, 0.5817293953433007, 0.28472457493387876, 0.484868322134867, 0.5738090967173455, 0.3266533542427537, 0.42435830586633805, 0.4766867148922343, 0.15941517913928743, 0.3340300767338209, 0.06596065805750734], "heaviness": 15, "type": 2, "comment": "\u041b\u041f+\u041d\u0414\u0421", "features": ["std", "var", "sum", "len", "delta", "v10"]}