{"vector": [0.12781273032711174, 0.016336094033670992, 222.65884341093047, 1, 0.46774303386252203, 0.18904331581101816, 0.3348454176485305, 0.45069811808909765, 0.41314499851798636, 0.2781435188048541, 0.2606698964100862, 0.1604080944952007, 0.13128609217488132, 0.12343882280707527], "heaviness": 7, "type": 2, "comment": "\u041b\u041f", "features": ["std", "var", "sum", "len", "delta", "v10"]}