{"vector": [0.19240236370365357, 0.03701866955875299, 130.10360460317585, 1, 0.7916544845442499, 0.028107699415081455, 0.46869040326158484, 0.2631358399875343, 0.054546209237027854, 0.05089964136427, 0.4816009774509883, 0.3949299942826261, 0.2524107934257047, 0.11554855880229581], "heaviness": 0, "type": 1, "comment": "0", "features": ["std", "var", "sum", "len", "delta", "v10"]}