{"vector": [0.07829311280765983, 0.006129811513112948, 38.519387715688524, 1, 0.2810607322375948, 0.061106436400388264, 0.15834701732942202, 0.23250685089238682, 0.2707956915720274, 0.2745872708716031, 0.22918798542103808, 0.2006604649818425, 0.18198702664755984, 0.12305296300099583], "heaviness": 0, "type": 0, "comment": "0", "features": ["std", "var", "sum", "len", "delta", "v10"]}