{"vector": [0.0415835932395416, 0.0017291952267116497, 41.66663803775194, 1, 0.19622654636139109, 0.11020916035125011, 0.1859955091363088, 0.14519389220183598, 0.11951833974117765, 0.08376313236141059, 0.1000139801221524, 0.16332593620027014, 0.074660841011667, 0.06073775459965927], "heaviness": 0, "type": 0, "comment": "0", "features": ["std", "var", "sum", "len", "delta", "v10"]}