{"vector": [0.10452472358186123, 0.010925417839864495, 207.88633118343418, 1, 0.5523799635406568, 0.07590028485567907, 0.040165951473064565, 0.06619873398939297, 0.1854785595024092, 0.2543745928123032, 0.14833495313578, 0.173128947261371, 0.3121137579708262, 0.07135320959331493], "heaviness": 4, "type": 1, "comment": "\u041d\u0414\u0421?", "features": ["std", "var", "sum", "len", "delta", "v10"]}