{"vector": [0.09115723390907864, 0.008309641293954477, 78.2910335358676, 1, 0.26462331845043696, 0.11922558377204928, 0.004867274745506189, 0.05666735966565983, 0.10644526942000554, 0.17785599185431927, 0.2539577312318024, 0.25867219800149743, 0.24472652882387674, 0.17824777397002178], "heaviness": 0, "type": 0, "comment": "\u041b\u0451\u0433\u043a\u043e\u0435 \u041b\u041f", "features": ["std", "var", "sum", "len", "delta", "v10"]}