{"vector": [0.10760783400390586, 0.011579445939012159, 324.5726312357241, 1, 0.4389564917375519, 0.2384674186297948, 0.18864244410710948, 0.211508700598576, 0.3467231511778154, 0.3558959912944697, 0.1728729120931309, 0.11757727240828678, 0.2898085291153867, 0.4142899480067376], "heaviness": 8, "type": 2, "comment": "\u041d\u0414\u0421", "features": ["std", "var", "sum", "len", "delta", "v10"]}