{"vector": [0.15669724096309545, 0.024554025325446403, 45.7462166344295, 1, 0.5068983066236756, 0.04957573879170313, 0.14314925924037472, 0.2430044881432617, 0.32073785925910303, 0.4055722978696048, 0.42636779262012514, 0.2682955039677668, 0.06475657588812395, 0.036877292806637485], "heaviness": 0, "type": 0, "comment": "0", "features": ["std", "var", "sum", "len", "delta", "v10"]}