{"vector": [0.114689647820454, 0.01315371531717977, 240.55653932555327, 1, 0.485362303061064, 0.1630261330508993, 0.23267937639430858, 0.2031026402582104, 0.016230279080951704, 0.09214521834630057, 0.09918568303671577, 0.3890844182570189, 0.2810269275120515, 0.36837496490889826], "heaviness": 3, "type": 1, "comment": "\u041b\u041f?", "features": ["std", "var", "sum", "len", "delta", "v10"]}