{"vector": [0.0469030004904529, 0.002199891455007425, 15.807941272240807, 1, 0.16470244112466725, 0.0383957280017726, 0.07818361695070852, 0.11164138188210437, 0.12709165244635634, 0.13006934065022824, 0.11247377502923261, 0.08513325332403443, 0.054554354987094156, 0.012187659125073691], "heaviness": 0, "type": 0, "comment": "0", "features": ["std", "var", "sum", "len", "delta", "v10"]}