{"vector": [0.05191743006735907, 0.0026954195447991196, 32.036468490447824, 1, 0.3160742171313924, 0.09021888434144754, 0.15549786210597605, 0.17925059034285862, 0.1562947091763719, 0.12791718236431326, 0.11522050522505967, 0.13281990838873947, 0.16532222178254208, 0.2067105125730041], "heaviness": 0, "type": 0, "comment": "0", "features": ["std", "var", "sum", "len", "delta", "v10"]}