{"vector": [0.14226468665679204, 0.02023924106955522, 216.98935309513723, 1, 0.5612980457393666, 0.07017490398692616, 0.24522691134756103, 0.19671819988137343, 0.278273263776055, 0.002378114586067931, 0.3075209704415382, 0.5057131910299942, 0.3665152759462834, 0.15697827390355334], "heaviness": 6, "type": 2, "comment": "\u0421\u043b\u0430\u0431\u043e\u0435 \u041b\u041f", "features": ["std", "var", "sum", "len", "delta", "v10"]}