{"vector": [0.17152559068441775, 0.02942102825963842, 238.24779311724637, 1, 0.5404807574713122, 0.38840670278012734, 0.487164324210825, 0.4968689605190554, 0.3793501993740892, 0.3504048630839385, 0.21559451162060295, 0.08491050480829943, 0.0544365432870928, 0.09382781719848521], "heaviness": 14, "type": 3, "comment": "\u041b\u041f", "features": ["std", "var", "sum", "len", "delta", "v10"]}