{"vector": [0.05029724222110476, 0.0025298125750484834, 20.559703215937194, 1, 0.22245548664721515, 0.00109315946519839, 0.0009199230600022701, 0.005304093579693525, 0.09779855098897244, 0.030113972896489427, 0.00024695877641872643, 0.03893810669968423, 0.08109809325489065, 0.08898786065733111], "heaviness": 0, "type": 1, "comment": "0", "features": ["std", "var", "sum", "len", "delta", "v10"]}