{"vector": [0.022257254174500973, 0.000495385363388341, 2.168279222084641, 1, 0.06660412519556469, 0.002129868688433456, 0.006876935452599431, 0.01612133475110994, 0.014213117765644101, 0.004835937066344387, 0.019526816192053154, 0.0460552141009094, 0.04627653092623224, 0.024114341928499594], "heaviness": 0, "type": 0, "comment": "0", "features": ["std", "var", "sum", "len", "delta", "v10"]}