{"vector": [0.08552301132900117, 0.0073141854667804615, 36.63514653433038, 1, 0.27959948184922656, 0.057321464422360635, 0.12145196797761365, 0.17964278361679148, 0.22818777511616412, 0.2582999503404388, 0.2701961300471169, 0.24555017697464643, 0.18887598602411193, 0.0970044273107512], "heaviness": 0, "type": 0, "comment": "0", "features": ["std", "var", "sum", "len", "delta", "v10"]}