{"vector": [0.17452935141421533, 0.03046049450506667, 173.2237262557673, 1, 0.7556178253875325, 0.2546755578159186, 0.03197820620398184, 0.6594714213869257, 0.2257355447714609, 0.14639578614194015, 0.12683248001763803, 0.03753031875415702, 0.27493259949913934, 0.31423753934210874], "heaviness": 4, "type": 1, "comment": "\u041b\u041f", "features": ["std", "var", "sum", "len", "delta", "v10"]}