{"vector": [0.11301263218266022, 0.012771855032853248, 206.70072373946232, 1, 0.5142930715602683, 0.26235237336291617, 0.37238590299804275, 0.39611257672854305, 0.36169763833072965, 0.32956220083780985, 0.36265258870185124, 0.4829870921114765, 0.46736497696493995, 0.30424961573219933], "heaviness": 0, "type": 0, "comment": "0", "features": ["std", "var", "sum", "len", "delta", "v10"]}