{"vector": [0.07475476106649244, 0.005588274302108373, 84.57318033366423, 1, 0.29477775105615056, 0.09147324772090737, 0.25681426443082467, 0.14817939747716125, 0.04815135494861533, 0.07679738894532467, 0.0700628345280831, 0.11038150447261064, 0.030318077566618196, 0.22657202214521682], "heaviness": 6, "type": 1, "comment": "\u041b\u041f", "features": ["std", "var", "sum", "len", "delta", "v10"]}