{"vector": [0.10514348400238398, 0.011055152228159577, 244.2415720723525, 1, 0.47134872670406114, 0.10818495190928984, 0.2659193287157058, 0.25296042877678315, 0.2492722207737897, 0.030114416661349452, 0.14770899943063714, 0.16898104949547393, 0.17517000960002604, 0.014305335187978774], "heaviness": 7, "type": 2, "comment": "\u041b\u041f?", "features": ["std", "var", "sum", "len", "delta", "v10"]}