{"vector": [0.11963111206104733, 0.014311602972962864, 18.824851163315998, 1, 0.3646301537977194, 0.0700603472837531, 0.027813023708032958, 0.182341415665637, 0.2586803008310412, 0.26950860284142697, 0.19053268764681952, 0.016645477604587677, 0.04898786111587783, 0.044685299077806495], "heaviness": 0, "type": 0, "comment": "0", "features": ["std", "var", "sum", "len", "delta", "v10"]}