{"vector": [0.09422315869530362, 0.008878003634520371, 191.11216257568032, 1, 0.4360384336872077, 0.2628608624163065, 0.32165851405925266, 0.24628936025359766, 0.304649142228565, 0.3329270834009806, 0.38205431532635575, 0.23259436769863862, 0.09834769195993465, 0.27925293667166873], "heaviness": 0, "type": 1, "comment": "0", "features": ["std", "var", "sum", "len", "delta", "v10"]}