{"vector": [0.11278439022480605, 0.012720318678381325, 193.74312126674997, 1, 0.4551268434371359, 0.02189455641663071, 0.2875860909294191, 0.35557330467776627, 0.392961721865852, 0.13665059454320055, 0.16261185536878736, 0.031347705871790144, 0.13414229343732575, 0.1929092376565705], "heaviness": 3, "type": 2, "comment": "\u041b\u041f?", "features": ["std", "var", "sum", "len", "delta", "v10"]}