{"vector": [0.20385678674463972, 0.04155758950184952, 101.57274293508932, 1, 0.576858146269447, 0.013166690911063927, 0.017015874778842754, 0.045870766312419986, 0.22436752521505887, 0.4601948533768651, 0.5469150528077855, 0.47839744914609633, 0.3001615532042598, 0.10367992213584981], "heaviness": 6, "type": 2, "comment": "\u041b\u041f", "features": ["std", "var", "sum", "len", "delta", "v10"]}