{"vector": [0.2038840377794968, 0.04156870086127128, 128.99370982100046, 1, 0.7950717729115104, 0.27402704078966267, 0.5579125474107336, 0.5545002512316737, 0.12371066219563626, 0.03261687655890444, 0.32723998216903316, 0.5169447776524183, 0.4721305476088842, 0.22041073840427128], "heaviness": 0, "type": 1, "comment": "0", "features": ["std", "var", "sum", "len", "delta", "v10"]}