{"vector": [0.14849088220288253, 0.022049542097390334, 72.2795974049752, 1, 0.5310033990905777, 0.15430017325227408, 0.32694829988233765, 0.45999294315090256, 0.49947362451594934, 0.5289748455440118, 0.4921102841441215, 0.41344002001374835, 0.30237224963141385, 0.22312755658162353], "heaviness": 0, "type": 0, "comment": "0", "features": ["std", "var", "sum", "len", "delta", "v10"]}