{"vector": [0.10234545160091747, 0.01047459146339574, 139.56792436674073, 1, 0.49900200601508754, 0.1562511219508506, 0.19110666354368755, 0.05479521805675236, 0.0293092873749779, 0.18285126267355467, 0.03481679377425151, 0.005828963553811184, 0.06505849279077769, 0.11758762932048239], "heaviness": 0, "type": 1, "comment": "0", "features": ["std", "var", "sum", "len", "delta", "v10"]}