{"vector": [0.18530273851171764, 0.034337104899942, 126.10130150795266, 1, 0.6451381554299878, 0.020588955703142453, 0.4982479407383225, 0.4773739907917755, 0.11442973753787761, 0.14494889208475442, 0.49388968351764945, 0.4555376719034923, 0.26396583273085045, 0.1591533683397932], "heaviness": 0, "type": 1, "comment": "0", "features": ["std", "var", "sum", "len", "delta", "v10"]}