{"vector": [0.11509174246226958, 0.013246109183001386, 127.3687444520622, 1, 0.4545791661668653, 0.12659839386251812, 0.0028435529407050963, 0.10762690522394186, 0.36167633675005767, 0.28731302289533284, 0.21138477744311057, 0.18684568766620452, 0.04311777240762982, 0.08045515086192692], "heaviness": 8, "type": 1, "comment": "\u041b\u041f?", "features": ["std", "var", "sum", "len", "delta", "v10"]}