{"vector": [0.2800712737607469, 0.07843991838596726, 537.5769037913948, 1, 0.9971450792561383, 0.2534681873639146, 0.13968387329761994, 0.7239699132467853, 0.8827303232598318, 0.440610820903673, 0.01780283231905938, 0.5663221250652031, 0.34252222974834157, 0.21484959587060526], "heaviness": 15, "type": 3, "comment": "\u041b\u041f \u0438\u043b\u0438 \u0448\u0432\u044b", "features": ["std", "var", "sum", "len", "delta", "v10"]}