{"vector": [0.07428027511944699, 0.005517559271820735, 23.119158982624338, 1, 0.28654291748710886, 0.05725134740097104, 0.004584633442516695, 0.04301132479856712, 0.0778674802882941, 0.14453175830124448, 0.1810390504769463, 0.10606053172543134, 0.015306956678020345, 0.011635198019004311], "heaviness": 0, "type": 1, "comment": "0", "features": ["std", "var", "sum", "len", "delta", "v10"]}