{"vector": [0.06435688493201838, 0.004141808638153054, 40.25435693863069, 1, 0.2499173662551804, 0.07673698538608242, 0.1781138220877867, 0.2453104108470328, 0.22951052156202317, 0.1597879520141388, 0.14247917210852004, 0.1436971927042552, 0.14677964834133883, 0.09957771035690322], "heaviness": 0, "type": 0, "comment": "0", "features": ["std", "var", "sum", "len", "delta", "v10"]}