{"vector": [0.13193821855914872, 0.017407693516561698, 72.81653371294844, 1, 0.4409728345565636, 0.11833313375081125, 0.25479671150100314, 0.3981081108672272, 0.4379261318291797, 0.4134095487180453, 0.32743179852782966, 0.24884987217211496, 0.17463168084862252, 0.11884560474170258], "heaviness": 0, "type": 1, "comment": "0", "features": ["std", "var", "sum", "len", "delta", "v10"]}