{"vector": [0.10457258313177095, 0.010935425142851148, 28.58976073089623, 1, 0.41942017494312706, 0.025630333649935166, 0.057653233029574646, 0.10738852641045343, 0.1681767884109976, 0.2224171109037083, 0.2515164303672234, 0.2269397507103822, 0.13939787146260152, 0.0020920483304489035], "heaviness": 0, "type": 0, "comment": "0", "features": ["std", "var", "sum", "len", "delta", "v10"]}