{"vector": [0.03760829510570717, 0.001414383860757958, 43.80104472557412, 1, 0.21010256878421935, 0.09038760795966133, 0.013893101271239716, 0.0452449023707579, 0.06523198893434462, 0.09514155760723891, 0.04768351553510247, 0.07651341007556045, 0.08180696826563091, 0.057422362239642935], "heaviness": 0, "type": 0, "comment": "0", "features": ["std", "var", "sum", "len", "delta", "v10"]}