{"vector": [0.1815280051244013, 0.032952416644444656, 83.01498670440567, 1, 0.5591181315586102, 0.12298277139972646, 0.26436760482943, 0.3935651568440944, 0.4815831464408248, 0.5466171156806698, 0.5362865230749329, 0.43397163989259524, 0.2728976157912604, 0.10368713080754227], "heaviness": 0, "type": 1, "comment": "0", "features": ["std", "var", "sum", "len", "delta", "v10"]}