{"vector": [0.13696160268839988, 0.01875848061097511, 67.57339938316031, 1, 0.4942055250764267, 0.032510941365838764, 0.09229764452568756, 0.03507768193777536, 0.33543982598164535, 0.3878703891904235, 0.25525053600059133, 0.2252330176321806, 0.15540549087665784, 0.08396976630810624], "heaviness": 0, "type": 1, "comment": "0", "features": ["std", "var", "sum", "len", "delta", "v10"]}