{"vector": [0.13202334169704305, 0.017430162752854188, 262.5983978845135, 1, 0.5246026893339373, 0.03948649033656376, 0.3065780837239651, 0.2791517795948788, 0.07626930949969868, 0.08140694766915052, 0.3890859253282488, 0.16493072992863728, 0.34415140570831015, 0.229263643642017], "heaviness": 8, "type": 2, "comment": "\u041d\u0414\u0421?", "features": ["std", "var", "sum", "len", "delta", "v10"]}