{"vector": [0.007046840977501755, 4.965796776219789e-05, 3.592286096691379, 1, 0.030215407189510102, 0.02115385923541685, 0.02304830734312391, 0.021106934695911628, 0.012167063793698252, 0.012489019870381035, 0.014173278190926786, 0.015020705523048405, 0.010804090163139823, 0.0035464792187380745], "heaviness": 0, "type": 0, "comment": "0", "features": ["std", "var", "sum", "len", "delta", "v10"]}