{"vector": [0.07523796493741663, 0.005660751367923935, 79.72580055177184, 1, 0.3412540816147948, 0.0757388612872586, 0.082350070830994, 0.008350930149577496, 0.08311839948367811, 0.2317842553792222, 0.22847535612839986, 0.10966085534422548, 0.06405584139015369, 0.1141306007597313], "heaviness": 4, "type": 1, "comment": "\u041b\u041f?", "features": ["std", "var", "sum", "len", "delta", "v10"]}