{"vector": [0.04940068010283002, 0.0024404271946221454, 18.23920365669883, 1, 0.15300757869160486, 0.01834910967429826, 0.005319414150978585, 0.006087148701671152, 0.04607755222218368, 0.11307457163216439, 0.13421305222872165, 0.10445787872786122, 0.06850080279678933, 0.03172597029828472], "heaviness": 0, "type": 0, "comment": "0", "features": ["std", "var", "sum", "len", "delta", "v10"]}