{"vector": [0.02575733259129129, 0.0006634401822183965, 40.91234499846824, 1, 0.10978870979172728, 0.06185476290774533, 0.031670439501556624, 0.040492694858353995, 0.011475495945484693, 0.08767784515657456, 0.058291455949324944, 0.05232794432521165, 0.09100119135754409, 0.039877680064590026], "heaviness": 0, "type": 0, "comment": "0", "features": ["std", "var", "sum", "len", "delta", "v10"]}