{"vector": [0.08223486954247718, 0.006762573768668241, 40.44235880288819, 1, 0.26234834506803156, 0.05411165034441617, 0.11027464192857311, 0.16857772371498542, 0.22919766716441342, 0.2550976049523083, 0.2613813052623439, 0.23028682352247082, 0.17388078515878364, 0.10006673401481508], "heaviness": 0, "type": 0, "comment": "0", "features": ["std", "var", "sum", "len", "delta", "v10"]}