{"vector": [0.04615078967810217, 0.002129895387912422, 31.592019159622012, 1, 0.17132616444017135, 0.05590533650549345, 0.10959642490301763, 0.15269773301276235, 0.15997446775454538, 0.13414562050558088, 0.1218891570871809, 0.1323559911330749, 0.13575432264613402, 0.077309072282996], "heaviness": 0, "type": 0, "comment": "0", "features": ["std", "var", "sum", "len", "delta", "v10"]}