{"vector": [0.03801396601789053, 0.0014450616124093364, 29.577892006564426, 1, 0.1300396651062452, 0.06496156880161796, 0.09339723901773744, 0.06777330312361518, 0.0047707522234202715, 0.0007062114458126212, 0.0783628988173718, 0.11636130852139015, 0.09210348844178395, 0.07883607435134854], "heaviness": 0, "type": 0, "comment": "0", "features": ["std", "var", "sum", "len", "delta", "v10"]}