{"vector": [0.05972945671767631, 0.0035676079997887674, 199.23513951464582, 1, 0.3095175451842247, 0.2248228497459155, 0.3081802997430033, 0.2541312822133936, 0.19309454811753066, 0.23060572475257296, 0.1639962714646146, 0.17940273248275201, 0.3054609536845215, 0.19484404381020848], "heaviness": 0, "type": 1, "comment": "0", "features": ["std", "var", "sum", "len", "delta", "v10"]}