{"vector": [0.09034508958934384, 0.008162235212906564, 31.30552881379844, 1, 0.2958524571931661, 0.11456514476910251, 0.23136164319524183, 0.22868907440159025, 0.08612646273030305, 0.04317822176651087, 0.09692253971349246, 0.2129315610867658, 0.2330083721259743, 0.14425443239367453], "heaviness": 0, "type": 0, "comment": "0", "features": ["std", "var", "sum", "len", "delta", "v10"]}