{"vector": [0.06915785395304158, 0.004782808763390228, 11.785896060936397, 1, 0.2637061281128328, 0.024615747245324338, 0.022894848869994933, 0.05618301010224819, 0.11367387787506605, 0.1658984970240383, 0.14428006242150765, 0.03456023770191452, 0.09191307302705432, 0.004252560333384947], "heaviness": 0, "type": 0, "comment": "0", "features": ["std", "var", "sum", "len", "delta", "v10"]}