{"vector": [0.1712797849158388, 0.029336764720816002, 686.3616028464493, 1, 0.7113365213451764, 0.1793272787814239, 0.677148902050926, 0.3677998117603083, 0.36003081000105847, 0.3384985046627586, 0.16522330418336933, 0.2734153769945973, 0.4740860435384435, 0.5995340026780638], "heaviness": 12, "type": 3, "comment": "\u041b\u041f", "features": ["std", "var", "sum", "len", "delta", "v10"]}