{"vector": [0.09063357475481568, 0.008214444872836763, 32.218674586918254, 1, 0.2872322707549002, 0.05749105310681912, 0.10282515683042481, 0.14773397737058303, 0.21480202975973717, 0.25331633449174773, 0.2652400137293397, 0.22352273732613914, 0.11945181338170585, 0.031403808522084464], "heaviness": 0, "type": 0, "comment": "0", "features": ["std", "var", "sum", "len", "delta", "v10"]}