{"vector": [0.1162481153376186, 0.013513624319548277, 77.39214875490721, 1, 0.4212630575545804, 0.06279078411811981, 0.2983472502433987, 0.41735031090150454, 0.29734679091290406, 0.16456133622830404, 0.12044674219833834, 0.1214884016334985, 0.14179084796202268, 0.1235645127455518], "heaviness": 0, "type": 1, "comment": "0", "features": ["std", "var", "sum", "len", "delta", "v10"]}