{"fit_seconds": 1.000761, "predict_seconds": 0.065526}