{"fit_seconds": 0.473191, "predict_seconds": 0.069015}