{"fit_seconds": 0.736252, "predict_seconds": 0.071108}