{"fit_seconds": 0.565543, "predict_seconds": 0.060618}