{"fit_seconds": 0.556984, "predict_seconds": 0.061819}