{"fit_seconds": 0.373085, "predict_seconds": 0.064015}