{"fit_seconds": 0.379036, "predict_seconds": 0.063042}