{"fit_seconds": 0.642613, "predict_seconds": 0.069015}