{"fit_seconds": 0.698079, "predict_seconds": 0.068015}