{"fit_seconds": 0.751257, "predict_seconds": 0.071284}