{"fit_seconds": 0.670747, "predict_seconds": 0.071942}