{"fit_seconds": 0.491202, "predict_seconds": 0.078115}