{"fit_seconds": 0.500212, "predict_seconds": 0.075017}