{"fit_seconds": 0.424096, "predict_seconds": 0.079017}