{"fit_seconds": 3.321788, "predict_seconds": 0.060106}