{"fit_seconds": 0.373789, "predict_seconds": 0.064896}