{"fit_seconds": 0.690244, "predict_seconds": 0.060125}