{"fit_seconds": 0.375084, "predict_seconds": 0.068016}