{"fit_seconds": 0.848638, "predict_seconds": 0.062014}