{"fit_seconds": 0.376754, "predict_seconds": 0.066015}