{"fit_seconds": 0.467051, "predict_seconds": 0.065015}