{"fit_seconds": 0.57223, "predict_seconds": 0.074017}