{"fit_seconds": 0.478436, "predict_seconds": 0.064592}