{"fit_seconds": 0.555125, "predict_seconds": 0.067299}