{"fit_seconds": 0.707159, "predict_seconds": 0.069015}