{"fit_seconds": 0.64212, "predict_seconds": 0.068015}