{"fit_seconds": 0.745275, "predict_seconds": 0.070953}