{"fit_seconds": 0.640144, "predict_seconds": 0.067015}