{"fit_seconds": 0.668243, "predict_seconds": 0.061014}