{"fit_seconds": 1.077834, "predict_seconds": 0.071017}