{"fit_seconds": 0.520872, "predict_seconds": 0.067522}