{"fit_seconds": 0.471457, "predict_seconds": 0.072016}