{"fit_seconds": 0.595105, "predict_seconds": 0.072912}