{"fit_seconds": 0.561312, "predict_seconds": 0.066769}