{"fit_seconds": 0.380086, "predict_seconds": 0.064014}