{"fit_seconds": 0.488109, "predict_seconds": 0.071123}