{"fit_seconds": 0.396945, "predict_seconds": 0.062736}