{"fit_seconds": 0.738363, "predict_seconds": 0.061014}