{"fit_seconds": 0.559126, "predict_seconds": 0.067104}