{"fit_seconds": 0.812248, "predict_seconds": 0.06993}