{"fit_seconds": 0.458183, "predict_seconds": 0.063938}