{"fit_seconds": 0.383884, "predict_seconds": 0.065014}