{"fit_seconds": 0.772174, "predict_seconds": 0.067015}