{"fit_seconds": 0.587227, "predict_seconds": 0.061013}