{"fit_seconds": 0.469167, "predict_seconds": 0.101022}