{"fit_seconds": 0.600459, "predict_seconds": 0.071825}