{"fit_seconds": 0.37634, "predict_seconds": 0.067014}