{"fit_seconds": 0.602234, "predict_seconds": 0.069086}