{"fit_seconds": 0.477917, "predict_seconds": 0.072056}