{"fit_seconds": 0.429183, "predict_seconds": 0.074017}