{"fit_seconds": 0.577102, "predict_seconds": 0.071017}