{"fit_seconds": 1.377576, "predict_seconds": 0.064014}