{"fit_seconds": 0.592752, "predict_seconds": 0.072016}