{"fit_seconds": 0.615141, "predict_seconds": 0.074017}