{"fit_seconds": 1.106579, "predict_seconds": 0.072015}