{"fit_seconds": 0.64184, "predict_seconds": 0.065015}