{"fit_seconds": 0.650305, "predict_seconds": 0.063878}