{"fit_seconds": 0.563215, "predict_seconds": 0.073706}