{"fit_seconds": 0.606136, "predict_seconds": 0.074017}