{"fit_seconds": 0.460974, "predict_seconds": 0.06502}