{"fit_seconds": 0.739768, "predict_seconds": 0.07302}