{"fit_seconds": 0.686991, "predict_seconds": 0.068226}