{"fit_seconds": 0.383189, "predict_seconds": 0.069096}