{"fit_seconds": 0.654249, "predict_seconds": 0.064825}