{"fit_seconds": 0.74496, "predict_seconds": 0.066041}