{"fit_seconds": 0.475201, "predict_seconds": 0.063016}