{"fit_seconds": 0.378731, "predict_seconds": 0.067475}