{"fit_seconds": 0.456704, "predict_seconds": 0.069016}