{"fit_seconds": 0.564268, "predict_seconds": 0.064017}