{"fit_seconds": 0.558359, "predict_seconds": 0.067489}