{"fit_seconds": 0.477204, "predict_seconds": 0.065015}