{"fit_seconds": 0.509206, "predict_seconds": 0.091021}