{"fit_seconds": 0.477229, "predict_seconds": 0.063726}