{"fit_seconds": 0.47622, "predict_seconds": 0.068545}