{"fit_seconds": 0.556211, "predict_seconds": 0.067358}