{"fit_seconds": 0.45888, "predict_seconds": 0.062965}