{"fit_seconds": 0.53412, "predict_seconds": 0.071017}