{"fit_seconds": 0.365174, "predict_seconds": 0.062125}