{"fit_seconds": 0.633161, "predict_seconds": 0.065014}