{"fit_seconds": 0.491331, "predict_seconds": 0.105023}