{"fit_seconds": 0.381828, "predict_seconds": 0.076105}