{"fit_seconds": 0.391088, "predict_seconds": 0.071016}