{"fit_seconds": 0.582736, "predict_seconds": 0.062014}