{"fit_seconds": 0.855243, "predict_seconds": 0.070016}