{"fit_seconds": 0.765508, "predict_seconds": 0.077017}