{"fit_seconds": 0.366488, "predict_seconds": 0.067104}