{"fit_seconds": 0.563842, "predict_seconds": 0.241438}