{"fit_seconds": 0.373168, "predict_seconds": 0.064014}