{"fit_seconds": 0.635142, "predict_seconds": 0.064015}