{"fit_seconds": 0.553153, "predict_seconds": 0.102024}