{"fit_seconds": 0.658237, "predict_seconds": 0.072017}