{"fit_seconds": 0.381787, "predict_seconds": 0.071016}