{"fit_seconds": 0.509115, "predict_seconds": 0.079018}