{"fit_seconds": 0.473814, "predict_seconds": 0.059761}