{"fit_seconds": 0.47107, "predict_seconds": 0.065924}