{"fit_seconds": 0.753156, "predict_seconds": 0.073017}