{"fit_seconds": 0.865005, "predict_seconds": 0.068372}