{"fit_seconds": 0.378085, "predict_seconds": 0.072017}