{"fit_seconds": 1.140537, "predict_seconds": 0.071641}