{"fit_seconds": 0.509116, "predict_seconds": 0.071017}