{"fit_seconds": 0.661324, "predict_seconds": 0.070856}