{"fit_seconds": 0.736357, "predict_seconds": 0.068016}