{"fit_seconds": 0.47155, "predict_seconds": 0.065566}