{"fit_seconds": 0.487226, "predict_seconds": 0.073016}