{"fit_seconds": 0.74576, "predict_seconds": 0.070016}