{"fit_seconds": 0.584217, "predict_seconds": 0.066015}