{"fit_seconds": 0.530119, "predict_seconds": 0.070015}