{"fit_seconds": 0.554216, "predict_seconds": 0.065015}