{"fit_seconds": 0.473551, "predict_seconds": 0.066637}