{"fit_seconds": 0.557295, "predict_seconds": 0.059944}