{"fit_seconds": 0.388177, "predict_seconds": 0.072017}