{"fit_seconds": 0.446189, "predict_seconds": 0.085019}