{"fit_seconds": 0.39809, "predict_seconds": 0.077017}