{"fit_seconds": 0.566264, "predict_seconds": 0.070016}