{"fit_seconds": 0.562221, "predict_seconds": 0.066871}