{"fit_seconds": 0.926079, "predict_seconds": 0.065742}