{"fit_seconds": 0.476805, "predict_seconds": 0.060767}