{"fit_seconds": 0.375177, "predict_seconds": 0.102024}