{"fit_seconds": 0.464191, "predict_seconds": 0.065074}