{"fit_seconds": 0.747242, "predict_seconds": 0.068015}