{"fit_seconds": 0.726366, "predict_seconds": 0.062338}