{"fit_seconds": 0.388023, "predict_seconds": 0.064016}