{"fit_seconds": 0.492205, "predict_seconds": 0.070016}