{"fit_seconds": 0.47288, "predict_seconds": 0.072108}