{"fit_seconds": 0.929871, "predict_seconds": 0.06437}