{"fit_seconds": 0.398834, "predict_seconds": 0.067016}