{"fit_seconds": 0.562126, "predict_seconds": 0.069015}