{"fit_seconds": 0.553095, "predict_seconds": 0.065015}