{"fit_seconds": 0.916245, "predict_seconds": 0.06654}