{"fit_seconds": 0.572685, "predict_seconds": 0.073322}