{"fit_seconds": 0.506114, "predict_seconds": 0.074016}