{"fit_seconds": 0.560987, "predict_seconds": 0.060817}