{"fit_seconds": 0.679242, "predict_seconds": 0.073017}