{"fit_seconds": 0.557156, "predict_seconds": 0.066766}