{"fit_seconds": 0.376175, "predict_seconds": 0.063338}