{"fit_seconds": 0.945494, "predict_seconds": 0.073844}