{"fit_seconds": 0.466487, "predict_seconds": 0.064015}