{"fit_seconds": 0.477101, "predict_seconds": 0.066015}