{"fit_seconds": 0.550212, "predict_seconds": 0.067015}