{"fit_seconds": 0.388185, "predict_seconds": 0.060985}