{"fit_seconds": 0.379038, "predict_seconds": 0.065015}