{"fit_seconds": 0.459551, "predict_seconds": 0.062014}