{"fit_seconds": 0.657501, "predict_seconds": 0.071017}