{"fit_seconds": 0.470713, "predict_seconds": 0.062016}