{"fit_seconds": 0.466285, "predict_seconds": 0.065016}