{"fit_seconds": 0.844396, "predict_seconds": 0.058606}