{"fit_seconds": 0.474809, "predict_seconds": 0.071043}