{"fit_seconds": 0.478195, "predict_seconds": 0.067015}