{"fit_seconds": 0.549317, "predict_seconds": 0.063249}