{"fit_seconds": 0.637741, "predict_seconds": 0.060014}