{"fit_seconds": 0.66525, "predict_seconds": 0.073757}