{"fit_seconds": 0.474223, "predict_seconds": 0.074386}