{"fit_seconds": 1.007323, "predict_seconds": 0.065375}