{"fit_seconds": 0.747876, "predict_seconds": 0.072016}