{"fit_seconds": 0.375015, "predict_seconds": 0.068016}