{"fit_seconds": 0.912425, "predict_seconds": 0.063015}