{"fit_seconds": 0.574231, "predict_seconds": 0.072017}