{"fit_seconds": 0.556247, "predict_seconds": 0.065106}