{"fit_seconds": 0.482108, "predict_seconds": 0.07202}