{"fit_seconds": 0.377032, "predict_seconds": 0.069015}