{"fit_seconds": 0.632142, "predict_seconds": 0.062271}