{"fit_seconds": 0.479107, "predict_seconds": 0.075017}