{"fit_seconds": 0.572301, "predict_seconds": 0.065014}