{"fit_seconds": 0.374084, "predict_seconds": 0.069016}