{"fit_seconds": 0.37977, "predict_seconds": 0.072016}