{"fit_seconds": 0.413092, "predict_seconds": 0.077017}