{"fit_seconds": 0.636245, "predict_seconds": 0.067016}