{"fit_seconds": 0.463192, "predict_seconds": 0.061248}