{"fit_seconds": 0.376084, "predict_seconds": 0.064015}