{"fit_seconds": 0.388207, "predict_seconds": 0.063529}