{"fit_seconds": 0.662238, "predict_seconds": 0.070016}