{"fit_seconds": 0.750121, "predict_seconds": 0.073802}