{"fit_seconds": 0.368683, "predict_seconds": 0.067017}