{"fit_seconds": 0.468723, "predict_seconds": 0.064941}