{"fit_seconds": 0.560182, "predict_seconds": 0.062014}