{"fit_seconds": 0.49685, "predict_seconds": 0.063034}