{"fit_seconds": 0.464155, "predict_seconds": 0.067015}