{"fit_seconds": 0.64574, "predict_seconds": 0.068015}