{"fit_seconds": 0.789394, "predict_seconds": 0.073017}