{"fit_seconds": 0.661449, "predict_seconds": 0.072017}