{"fit_seconds": 0.385177, "predict_seconds": 0.073016}