{"fit_seconds": 0.892318, "predict_seconds": 0.072017}