{"fit_seconds": 0.580798, "predict_seconds": 0.073952}