{"fit_seconds": 0.658292, "predict_seconds": 0.074017}