{"fit_seconds": 0.481018, "predict_seconds": 0.204046}