{"fit_seconds": 0.54008, "predict_seconds": 0.073015}