{"fit_seconds": 0.557126, "predict_seconds": 0.069621}