{"fit_seconds": 0.467819, "predict_seconds": 0.101022}