{"fit_seconds": 0.388186, "predict_seconds": 0.067157}