{"fit_seconds": 0.466752, "predict_seconds": 0.067351}