{"fit_seconds": 0.467721, "predict_seconds": 0.061014}