{"fit_seconds": 0.821786, "predict_seconds": 0.063015}