{"fit_seconds": 0.778175, "predict_seconds": 0.069016}