{"fit_seconds": 0.388084, "predict_seconds": 0.063987}