{"fit_seconds": 0.555241, "predict_seconds": 0.062995}