{"fit_seconds": 0.541223, "predict_seconds": 0.071017}