{"fit_seconds": 0.478577, "predict_seconds": 0.073613}