{"fit_seconds": 0.737342, "predict_seconds": 0.076357}