{"fit_seconds": 0.939211, "predict_seconds": 0.08502}