{"fit_seconds": 0.588816, "predict_seconds": 0.078018}