{"fit_seconds": 0.681191, "predict_seconds": 0.083019}