{"fit_seconds": 0.756786, "predict_seconds": 0.079648}