{"fit_seconds": 0.916294, "predict_seconds": 0.087336}