{"fit_seconds": 0.488134, "predict_seconds": 0.081018}