{"fit_seconds": 0.399181, "predict_seconds": 0.08802}