{"fit_seconds": 1.14705, "predict_seconds": 0.078857}