{"fit_seconds": 0.578726, "predict_seconds": 0.078017}