{"fit_seconds": 0.776287, "predict_seconds": 0.08402}