{"fit_seconds": 0.516312, "predict_seconds": 0.08802}