{"fit_seconds": 0.387086, "predict_seconds": 0.074017}