{"fit_seconds": 0.403028, "predict_seconds": 0.079018}