{"fit_seconds": 0.490199, "predict_seconds": 0.083019}