{"fit_seconds": 0.834276, "predict_seconds": 0.080018}