{"fit_seconds": 0.579158, "predict_seconds": 0.082019}