{"fit_seconds": 1.29311, "predict_seconds": 0.072017}