{"fit_seconds": 0.48016, "predict_seconds": 0.074016}