{"fit_seconds": 0.697242, "predict_seconds": 0.07406}