{"fit_seconds": 0.385965, "predict_seconds": 0.079018}