{"fit_seconds": 0.656148, "predict_seconds": 0.076017}