{"fit_seconds": 0.628916, "predict_seconds": 0.083018}