{"fit_seconds": 0.437734, "predict_seconds": 0.088753}