{"fit_seconds": 0.40109, "predict_seconds": 0.083019}