{"fit_seconds": 0.382429, "predict_seconds": 0.075016}