{"fit_seconds": 0.573523, "predict_seconds": 0.084413}