{"fit_seconds": 0.665748, "predict_seconds": 0.079017}