{"fit_seconds": 0.388087, "predict_seconds": 0.073721}