{"fit_seconds": 0.484199, "predict_seconds": 0.124385}