{"fit_seconds": 0.756351, "predict_seconds": 0.079017}