{"fit_seconds": 0.588133, "predict_seconds": 0.082018}