{"fit_seconds": 0.564094, "predict_seconds": 0.088019}