{"fit_seconds": 0.406091, "predict_seconds": 0.074017}