{"fit_seconds": 0.659748, "predict_seconds": 0.08204}