{"fit_seconds": 0.422095, "predict_seconds": 0.084796}