{"fit_seconds": 0.651917, "predict_seconds": 0.073602}