{"fit_seconds": 0.387653, "predict_seconds": 0.071763}