{"fit_seconds": 0.470197, "predict_seconds": 0.07502}