{"fit_seconds": 14.769621, "predict_seconds": 0.116758}