{"fit_seconds": 0.472162, "predict_seconds": 0.073016}