{"fit_seconds": 0.39405, "predict_seconds": 0.079018}