{"fit_seconds": 0.573232, "predict_seconds": 0.074038}