{"fit_seconds": 1.014827, "predict_seconds": 0.075017}