{"fit_seconds": 0.595331, "predict_seconds": 0.088012}