{"fit_seconds": 0.474106, "predict_seconds": 0.074182}