{"fit_seconds": 0.397897, "predict_seconds": 0.078017}