{"fit_seconds": 0.494669, "predict_seconds": 0.088021}