{"fit_seconds": 0.576129, "predict_seconds": 0.082029}