{"fit_seconds": 0.680239, "predict_seconds": 0.078018}