{"fit_seconds": 0.596751, "predict_seconds": 0.071016}