{"fit_seconds": 0.832349, "predict_seconds": 0.079018}