{"fit_seconds": 0.395089, "predict_seconds": 0.074389}