{"fit_seconds": 0.505114, "predict_seconds": 0.074016}