{"fit_seconds": 0.501201, "predict_seconds": 0.078017}