{"fit_seconds": 0.478106, "predict_seconds": 0.075017}