{"fit_seconds": 0.498655, "predict_seconds": 0.085021}