{"fit_seconds": 0.931418, "predict_seconds": 0.076017}