{"fit_seconds": 1.052431, "predict_seconds": 0.077014}