{"fit_seconds": 0.797196, "predict_seconds": 0.082109}