{"fit_seconds": 0.421185, "predict_seconds": 0.079027}