{"fit_seconds": 0.512155, "predict_seconds": 0.085591}