{"fit_seconds": 0.386142, "predict_seconds": 0.074016}