{"fit_seconds": 0.473727, "predict_seconds": 0.077017}