{"fit_seconds": 0.762172, "predict_seconds": 0.083647}