{"fit_seconds": 0.666344, "predict_seconds": 0.074905}