{"fit_seconds": 0.387081, "predict_seconds": 0.076109}