{"fit_seconds": 0.388178, "predict_seconds": 0.081018}