{"fit_seconds": 0.568127, "predict_seconds": 0.075018}