{"fit_seconds": 0.385955, "predict_seconds": 0.07431}