{"fit_seconds": 0.485203, "predict_seconds": 0.08497}