{"fit_seconds": 0.66024, "predict_seconds": 0.073016}