{"fit_seconds": 0.397796, "predict_seconds": 0.084018}