{"fit_seconds": 0.75177, "predict_seconds": 0.071783}