{"fit_seconds": 0.575426, "predict_seconds": 0.084019}