{"fit_seconds": 0.923276, "predict_seconds": 0.079018}