{"fit_seconds": 0.482202, "predict_seconds": 0.075085}