{"fit_seconds": 0.581721, "predict_seconds": 0.081018}