{"fit_seconds": 0.393176, "predict_seconds": 0.073563}