{"fit_seconds": 0.668037, "predict_seconds": 0.072016}