{"fit_seconds": 0.39168, "predict_seconds": 0.073017}