{"fit_seconds": 0.483159, "predict_seconds": 0.078018}