{"fit_seconds": 0.618139, "predict_seconds": 0.08802}