{"fit_seconds": 0.488231, "predict_seconds": 0.082616}