{"fit_seconds": 0.398089, "predict_seconds": 0.075359}