{"fit_seconds": 1.103403, "predict_seconds": 0.077151}