{"fit_seconds": 0.834283, "predict_seconds": 0.076202}