{"fit_seconds": 0.837793, "predict_seconds": 0.073018}