{"fit_seconds": 1.113345, "predict_seconds": 0.076927}