{"fit_seconds": 0.407305, "predict_seconds": 0.086976}