{"fit_seconds": 0.479703, "predict_seconds": 0.079018}