{"fit_seconds": 0.386182, "predict_seconds": 0.074106}