{"fit_seconds": 0.593375, "predict_seconds": 0.083019}