{"fit_seconds": 0.388942, "predict_seconds": 0.085115}