{"fit_seconds": 0.407178, "predict_seconds": 0.075007}