{"fit_seconds": 0.588228, "predict_seconds": 0.076018}