{"fit_seconds": 0.58622, "predict_seconds": 0.087632}