{"fit_seconds": 0.397075, "predict_seconds": 0.076017}