{"fit_seconds": 0.656914, "predict_seconds": 0.078019}