{"fit_seconds": 0.698759, "predict_seconds": 0.072651}