{"fit_seconds": 0.607234, "predict_seconds": 0.08602}