{"fit_seconds": 0.658148, "predict_seconds": 0.073017}