{"fit_seconds": 0.932459, "predict_seconds": 0.107384}