{"fit_seconds": 0.730271, "predict_seconds": 0.078406}