{"fit_seconds": 0.921808, "predict_seconds": 0.07757}