{"fit_seconds": 0.578853, "predict_seconds": 0.083019}