{"fit_seconds": 0.600243, "predict_seconds": 0.084019}