{"fit_seconds": 0.575235, "predict_seconds": 0.080687}