{"fit_seconds": 0.603117, "predict_seconds": 0.083019}