{"fit_seconds": 0.603748, "predict_seconds": 0.079259}