{"fit_seconds": 0.663751, "predict_seconds": 0.075238}