{"fit_seconds": 1.205366, "predict_seconds": 0.086019}