{"fit_seconds": 0.602225, "predict_seconds": 0.118026}