{"fit_seconds": 0.486138, "predict_seconds": 0.082018}