{"fit_seconds": 0.569322, "predict_seconds": 0.077017}