{"fit_seconds": 0.577744, "predict_seconds": 0.074017}