{"fit_seconds": 0.593227, "predict_seconds": 0.075796}