{"fit_seconds": 0.501321, "predict_seconds": 0.079018}