{"fit_seconds": 0.932306, "predict_seconds": 0.074614}