{"fit_seconds": 0.751256, "predict_seconds": 0.099023}