{"fit_seconds": 0.835398, "predict_seconds": 0.078244}