{"fit_seconds": 0.668717, "predict_seconds": 0.077927}