{"fit_seconds": 0.479268, "predict_seconds": 0.077018}