{"fit_seconds": 0.508226, "predict_seconds": 0.081019}