{"fit_seconds": 0.566128, "predict_seconds": 0.075016}