{"fit_seconds": 2.431056, "predict_seconds": 0.082019}