{"fit_seconds": 0.387453, "predict_seconds": 0.074104}