{"fit_seconds": 0.422189, "predict_seconds": 0.080022}