{"fit_seconds": 0.843284, "predict_seconds": 0.080018}