{"fit_seconds": 0.689359, "predict_seconds": 0.083896}