{"fit_seconds": 0.397088, "predict_seconds": 0.082019}