{"fit_seconds": 0.564715, "predict_seconds": 0.071828}