{"fit_seconds": 0.419187, "predict_seconds": 0.084975}