{"fit_seconds": 0.486197, "predict_seconds": 0.084998}