{"fit_seconds": 0.693156, "predict_seconds": 0.08802}