{"fit_seconds": 0.567142, "predict_seconds": 0.080019}