{"fit_seconds": 0.382655, "predict_seconds": 0.080107}