{"fit_seconds": 0.579327, "predict_seconds": 0.07702}