{"fit_seconds": 0.689255, "predict_seconds": 0.087615}