{"fit_seconds": 0.479199, "predict_seconds": 0.073687}