{"fit_seconds": 1.207463, "predict_seconds": 0.08074}