{"fit_seconds": 1.444912, "predict_seconds": 0.082018}