{"fit_seconds": 0.993428, "predict_seconds": 0.081018}