{"fit_seconds": 0.57378, "predict_seconds": 0.130031}