{"fit_seconds": 0.509211, "predict_seconds": 0.086019}