{"fit_seconds": 0.537023, "predict_seconds": 0.09002}