{"fit_seconds": 0.579234, "predict_seconds": 0.074932}