{"fit_seconds": 0.515208, "predict_seconds": 0.080019}