{"fit_seconds": 0.483198, "predict_seconds": 0.084019}