{"fit_seconds": 0.412105, "predict_seconds": 0.079019}