{"fit_seconds": 0.746167, "predict_seconds": 0.07402}