{"fit_seconds": 0.574098, "predict_seconds": 0.085615}