{"fit_seconds": 0.663245, "predict_seconds": 0.084433}