{"fit_seconds": 0.659228, "predict_seconds": 0.078018}