{"fit_seconds": 0.842302, "predict_seconds": 0.079018}