{"fit_seconds": 0.404187, "predict_seconds": 0.077018}