{"fit_seconds": 0.748234, "predict_seconds": 0.073235}