{"fit_seconds": 0.484272, "predict_seconds": 0.077017}