{"fit_seconds": 0.393953, "predict_seconds": 0.083018}