{"fit_seconds": 0.390686, "predict_seconds": 0.077018}