{"fit_seconds": 1.547535, "predict_seconds": 0.081018}