{"fit_seconds": 0.843797, "predict_seconds": 0.078631}