{"fit_seconds": 0.570235, "predict_seconds": 0.073916}