{"fit_seconds": 0.410278, "predict_seconds": 0.082681}