{"fit_seconds": 0.661238, "predict_seconds": 0.086019}