{"fit_seconds": 0.664241, "predict_seconds": 0.075189}