{"fit_seconds": 0.383992, "predict_seconds": 0.08702}