{"fit_seconds": 1.010317, "predict_seconds": 0.075017}