{"fit_seconds": 0.393088, "predict_seconds": 0.078017}