{"fit_seconds": 0.760259, "predict_seconds": 0.074954}