{"fit_seconds": 0.488387, "predict_seconds": 0.08602}