{"fit_seconds": 0.561524, "predict_seconds": 0.076017}