{"fit_seconds": 1.313391, "predict_seconds": 0.081018}