{"fit_seconds": 0.565328, "predict_seconds": 0.080017}