{"fit_seconds": 0.387117, "predict_seconds": 0.080019}