{"fit_seconds": 0.473107, "predict_seconds": 0.074017}