{"fit_seconds": 0.657221, "predict_seconds": 0.077017}