{"fit_seconds": 0.396685, "predict_seconds": 0.086019}