{"fit_seconds": 0.754249, "predict_seconds": 0.080018}