{"fit_seconds": 0.827185, "predict_seconds": 0.07291}