{"fit_seconds": 0.47205, "predict_seconds": 0.115026}