{"fit_seconds": 0.377181, "predict_seconds": 0.072016}