{"fit_seconds": 0.393179, "predict_seconds": 0.070951}