{"fit_seconds": 0.391087, "predict_seconds": 0.07349}