{"fit_seconds": 0.395226, "predict_seconds": 0.08302}