{"fit_seconds": 1.102454, "predict_seconds": 0.082094}