{"fit_seconds": 0.383031, "predict_seconds": 0.080019}