{"fit_seconds": 0.396089, "predict_seconds": 0.097111}