{"fit_seconds": 0.679609, "predict_seconds": 0.086019}