{"fit_seconds": 0.584132, "predict_seconds": 0.085739}