{"fit_seconds": 0.670214, "predict_seconds": 0.091021}