{"fit_seconds": 0.680153, "predict_seconds": 0.094887}