{"fit_seconds": 0.66424, "predict_seconds": 0.085108}