{"fit_seconds": 0.393687, "predict_seconds": 0.091619}