{"fit_seconds": 0.40309, "predict_seconds": 0.094117}