{"fit_seconds": 0.604005, "predict_seconds": 0.094734}