{"fit_seconds": 0.495387, "predict_seconds": 0.095027}