{"fit_seconds": 0.39909, "predict_seconds": 0.094022}