{"fit_seconds": 0.404675, "predict_seconds": 0.08702}