{"fit_seconds": 0.776941, "predict_seconds": 0.08602}