{"fit_seconds": 0.691165, "predict_seconds": 0.092713}