{"fit_seconds": 0.846366, "predict_seconds": 0.09306}