{"fit_seconds": 0.857295, "predict_seconds": 0.096056}