{"fit_seconds": 0.743455, "predict_seconds": 0.090021}