{"fit_seconds": 0.407037, "predict_seconds": 0.093021}