{"fit_seconds": 0.404682, "predict_seconds": 0.09202}