{"fit_seconds": 0.754778, "predict_seconds": 0.094021}