{"fit_seconds": 0.681343, "predict_seconds": 0.086006}