{"fit_seconds": 0.410073, "predict_seconds": 0.088697}