{"fit_seconds": 0.576315, "predict_seconds": 0.08902}