{"fit_seconds": 0.396029, "predict_seconds": 0.096022}