{"fit_seconds": 0.583812, "predict_seconds": 0.094021}