{"fit_seconds": 0.67826, "predict_seconds": 0.093725}