{"fit_seconds": 0.483108, "predict_seconds": 0.087725}