{"fit_seconds": 0.394667, "predict_seconds": 0.091019}