{"fit_seconds": 0.409265, "predict_seconds": 0.095022}