{"fit_seconds": 0.592353, "predict_seconds": 0.102115}