{"fit_seconds": 0.576133, "predict_seconds": 0.08902}