{"fit_seconds": 0.395525, "predict_seconds": 0.090021}