{"fit_seconds": 0.80518, "predict_seconds": 0.281064}