{"fit_seconds": 0.513138, "predict_seconds": 0.122699}