{"fit_seconds": 0.851192, "predict_seconds": 0.094023}