{"fit_seconds": 0.39866, "predict_seconds": 0.089012}