{"fit_seconds": 0.396436, "predict_seconds": 0.095623}