{"fit_seconds": 0.412107, "predict_seconds": 0.093023}