{"fit_seconds": 0.509707, "predict_seconds": 0.092021}