{"fit_seconds": 0.498112, "predict_seconds": 0.093388}