{"fit_seconds": 0.401756, "predict_seconds": 0.095021}