{"fit_seconds": 0.572216, "predict_seconds": 0.091636}