{"fit_seconds": 0.601393, "predict_seconds": 0.092856}