{"fit_seconds": 0.658845, "predict_seconds": 0.086019}