{"fit_seconds": 0.486702, "predict_seconds": 0.08702}