{"fit_seconds": 0.744243, "predict_seconds": 0.085524}