{"fit_seconds": 1.194516, "predict_seconds": 0.092976}