{"fit_seconds": 0.489138, "predict_seconds": 0.09562}