{"fit_seconds": 0.576107, "predict_seconds": 0.092021}