{"fit_seconds": 0.407048, "predict_seconds": 0.08594}