{"fit_seconds": 0.418697, "predict_seconds": 0.091991}