{"fit_seconds": 0.409182, "predict_seconds": 0.250056}