{"fit_seconds": 0.696253, "predict_seconds": 0.08702}