{"fit_seconds": 0.495112, "predict_seconds": 0.094012}