{"fit_seconds": 0.487284, "predict_seconds": 0.095021}