{"fit_seconds": 0.410067, "predict_seconds": 0.088418}