{"fit_seconds": 0.407199, "predict_seconds": 0.08802}