{"fit_seconds": 0.584903, "predict_seconds": 0.085019}