{"fit_seconds": 0.405862, "predict_seconds": 0.086108}