{"fit_seconds": 0.759244, "predict_seconds": 0.08802}