{"fit_seconds": 0.580235, "predict_seconds": 0.08795}