{"fit_seconds": 1.563129, "predict_seconds": 0.091021}