{"fit_seconds": 0.58282, "predict_seconds": 0.087167}