{"fit_seconds": 0.584187, "predict_seconds": 0.093021}