{"fit_seconds": 1.104679, "predict_seconds": 0.154035}