{"fit_seconds": 0.569223, "predict_seconds": 0.085392}