{"fit_seconds": 0.406092, "predict_seconds": 0.097022}