{"fit_seconds": 0.670239, "predict_seconds": 0.091229}