{"fit_seconds": 0.567193, "predict_seconds": 0.094021}