{"fit_seconds": 0.592426, "predict_seconds": 0.095022}