{"fit_seconds": 0.670756, "predict_seconds": 0.087503}