{"fit_seconds": 0.405091, "predict_seconds": 0.098022}