{"fit_seconds": 0.431192, "predict_seconds": 0.08702}