{"fit_seconds": 0.510652, "predict_seconds": 0.09102}