{"fit_seconds": 0.484845, "predict_seconds": 0.095021}