{"fit_seconds": 0.846282, "predict_seconds": 0.092271}