{"fit_seconds": 0.489185, "predict_seconds": 0.09002}