{"fit_seconds": 0.676837, "predict_seconds": 0.09002}