{"fit_seconds": 0.760524, "predict_seconds": 0.09202}