{"fit_seconds": 0.39819, "predict_seconds": 0.099024}