{"fit_seconds": 0.400069, "predict_seconds": 0.092024}