{"fit_seconds": 0.508205, "predict_seconds": 0.09488}