{"fit_seconds": 0.483733, "predict_seconds": 0.089811}