{"fit_seconds": 0.527228, "predict_seconds": 0.089021}