{"fit_seconds": 0.594748, "predict_seconds": 0.095502}