{"fit_seconds": 0.850731, "predict_seconds": 0.08621}