{"fit_seconds": 0.86201, "predict_seconds": 0.085149}