{"fit_seconds": 0.402177, "predict_seconds": 0.097753}