{"fit_seconds": 0.957462, "predict_seconds": 0.095021}