{"fit_seconds": 0.498232, "predict_seconds": 0.094122}