{"fit_seconds": 0.490722, "predict_seconds": 0.09002}