{"fit_seconds": 0.684136, "predict_seconds": 0.08702}