{"fit_seconds": 0.856445, "predict_seconds": 0.087569}