{"fit_seconds": 0.429599, "predict_seconds": 0.09752}