{"fit_seconds": 0.402977, "predict_seconds": 0.08986}