{"fit_seconds": 0.404204, "predict_seconds": 0.091418}