{"fit_seconds": 0.570113, "predict_seconds": 0.08802}