{"fit_seconds": 0.404181, "predict_seconds": 0.085995}