{"fit_seconds": 0.491151, "predict_seconds": 0.089924}