{"fit_seconds": 0.488738, "predict_seconds": 0.08913}