{"fit_seconds": 0.67925, "predict_seconds": 0.088738}