{"fit_seconds": 0.400182, "predict_seconds": 0.084787}