{"fit_seconds": 1.250281, "predict_seconds": 0.087019}