{"fit_seconds": 0.492631, "predict_seconds": 0.096022}