{"fit_seconds": 0.593223, "predict_seconds": 0.091287}