{"fit_seconds": 0.484892, "predict_seconds": 0.219665}