{"fit_seconds": 0.399089, "predict_seconds": 0.088021}