{"fit_seconds": 0.672241, "predict_seconds": 0.093914}