{"fit_seconds": 0.575764, "predict_seconds": 0.087112}