{"fit_seconds": 0.409184, "predict_seconds": 0.096022}