{"fit_seconds": 0.57913, "predict_seconds": 0.093021}