{"fit_seconds": 0.396343, "predict_seconds": 0.085742}