{"fit_seconds": 0.746237, "predict_seconds": 0.085207}