{"fit_seconds": 0.485703, "predict_seconds": 0.09002}