{"fit_seconds": 0.499073, "predict_seconds": 0.094022}