{"fit_seconds": 0.581131, "predict_seconds": 0.090022}