{"fit_seconds": 0.66574, "predict_seconds": 0.095675}