{"fit_seconds": 0.759792, "predict_seconds": 0.089136}