{"fit_seconds": 0.850277, "predict_seconds": 0.087019}