{"fit_seconds": 0.487202, "predict_seconds": 0.092441}