{"fit_seconds": 0.453782, "predict_seconds": 0.086583}