{"fit_seconds": 0.768281, "predict_seconds": 0.085697}