{"fit_seconds": 0.405969, "predict_seconds": 0.084019}