{"fit_seconds": 0.876812, "predict_seconds": 0.08502}