{"fit_seconds": 0.820275, "predict_seconds": 0.088083}