{"fit_seconds": 0.592229, "predict_seconds": 0.08902}