{"fit_seconds": 0.409183, "predict_seconds": 0.091798}