{"fit_seconds": 0.55002, "predict_seconds": 0.086527}