{"fit_seconds": 0.663522, "predict_seconds": 0.091006}