{"fit_seconds": 0.483963, "predict_seconds": 0.091022}