{"fit_seconds": 0.398122, "predict_seconds": 0.096022}