{"fit_seconds": 0.482714, "predict_seconds": 0.092021}