{"fit_seconds": 0.393104, "predict_seconds": 0.091657}