{"fit_seconds": 0.406245, "predict_seconds": 0.090429}