{"fit_seconds": 1.037405, "predict_seconds": 0.092285}