{"fit_seconds": 0.401003, "predict_seconds": 0.09002}