{"fit_seconds": 0.854963, "predict_seconds": 0.09473}