{"fit_seconds": 0.486109, "predict_seconds": 0.119027}