{"fit_seconds": 0.392073, "predict_seconds": 0.090021}