{"fit_seconds": 0.394147, "predict_seconds": 0.096021}