{"fit_seconds": 1.029327, "predict_seconds": 0.08702}