{"fit_seconds": 0.822289, "predict_seconds": 0.110024}