{"fit_seconds": 0.935353, "predict_seconds": 0.096525}