{"fit_seconds": 1.029344, "predict_seconds": 0.097022}