{"fit_seconds": 0.758711, "predict_seconds": 0.09002}