{"fit_seconds": 0.953898, "predict_seconds": 0.090974}