{"fit_seconds": 0.676809, "predict_seconds": 0.088019}