{"fit_seconds": 0.763199, "predict_seconds": 0.090021}