{"fit_seconds": 0.691256, "predict_seconds": 0.095022}