{"fit_seconds": 0.581161, "predict_seconds": 0.090021}