{"fit_seconds": 0.671256, "predict_seconds": 0.091423}