{"fit_seconds": 0.684031, "predict_seconds": 0.092021}