{"fit_seconds": 0.410092, "predict_seconds": 0.08902}