{"fit_seconds": 0.695362, "predict_seconds": 0.092022}