{"fit_seconds": 0.854292, "predict_seconds": 0.090298}