{"fit_seconds": 0.503214, "predict_seconds": 0.09102}