{"fit_seconds": 0.484974, "predict_seconds": 0.090021}