{"fit_seconds": 0.48911, "predict_seconds": 0.089605}