{"fit_seconds": 0.489096, "predict_seconds": 0.092603}