{"fit_seconds": 0.58113, "predict_seconds": 0.091472}