{"fit_seconds": 0.523206, "predict_seconds": 0.08802}