{"fit_seconds": 0.583218, "predict_seconds": 0.095629}