{"fit_seconds": 0.591665, "predict_seconds": 0.095021}