{"fit_seconds": 1.055498, "predict_seconds": 0.085105}