{"fit_seconds": 0.394006, "predict_seconds": 0.08802}