{"fit_seconds": 0.837278, "predict_seconds": 0.093114}