{"fit_seconds": 0.400232, "predict_seconds": 0.08802}