{"fit_seconds": 0.784494, "predict_seconds": 0.096022}