{"fit_seconds": 0.410124, "predict_seconds": 0.093021}