{"fit_seconds": 0.947301, "predict_seconds": 0.092784}