{"fit_seconds": 0.494115, "predict_seconds": 0.094022}