{"fit_seconds": 0.40717, "predict_seconds": 0.092022}