{"fit_seconds": 0.484108, "predict_seconds": 0.08602}