{"fit_seconds": 0.568128, "predict_seconds": 0.087065}