{"fit_seconds": 0.395118, "predict_seconds": 0.089021}