{"fit_seconds": 0.396078, "predict_seconds": 0.098022}