{"fit_seconds": 0.404294, "predict_seconds": 0.088683}