{"fit_seconds": 0.489796, "predict_seconds": 0.092021}