{"fit_seconds": 0.602135, "predict_seconds": 0.107024}