{"fit_seconds": 0.769267, "predict_seconds": 0.106024}