{"fit_seconds": 1.314988, "predict_seconds": 0.101023}