{"fit_seconds": 0.495208, "predict_seconds": 0.098998}