{"fit_seconds": 0.764876, "predict_seconds": 0.105792}