{"fit_seconds": 0.491232, "predict_seconds": 0.099002}