{"fit_seconds": 0.768262, "predict_seconds": 0.136429}