{"fit_seconds": 0.493185, "predict_seconds": 0.099023}