{"fit_seconds": 0.412645, "predict_seconds": 0.107025}