{"fit_seconds": 0.867367, "predict_seconds": 0.108025}