{"fit_seconds": 0.772264, "predict_seconds": 0.096023}