{"fit_seconds": 0.58423, "predict_seconds": 0.105024}