{"fit_seconds": 0.864888, "predict_seconds": 0.098176}