{"fit_seconds": 0.589657, "predict_seconds": 0.102023}