{"fit_seconds": 0.851283, "predict_seconds": 0.09777}