{"fit_seconds": 0.861809, "predict_seconds": 0.104244}