{"fit_seconds": 0.613821, "predict_seconds": 0.109024}