{"fit_seconds": 0.68224, "predict_seconds": 0.101814}