{"fit_seconds": 0.51619, "predict_seconds": 0.104023}