{"fit_seconds": 0.597204, "predict_seconds": 0.100596}