{"fit_seconds": 0.592216, "predict_seconds": 0.111783}