{"fit_seconds": 0.412175, "predict_seconds": 0.099023}