{"fit_seconds": 1.005727, "predict_seconds": 0.110024}