{"fit_seconds": 0.595389, "predict_seconds": 0.101022}