{"fit_seconds": 0.496293, "predict_seconds": 0.101795}