{"fit_seconds": 0.762859, "predict_seconds": 0.106024}