{"fit_seconds": 0.87509, "predict_seconds": 0.103023}