{"fit_seconds": 0.695156, "predict_seconds": 0.100289}