{"fit_seconds": 0.597237, "predict_seconds": 0.096678}