{"fit_seconds": 1.047337, "predict_seconds": 0.103023}