{"fit_seconds": 0.779265, "predict_seconds": 0.100942}