{"fit_seconds": 0.40209, "predict_seconds": 0.104621}