{"fit_seconds": 0.764201, "predict_seconds": 0.101023}