{"fit_seconds": 0.777776, "predict_seconds": 0.109024}