{"fit_seconds": 0.858452, "predict_seconds": 0.104024}