{"fit_seconds": 0.493723, "predict_seconds": 0.100023}