{"fit_seconds": 0.692759, "predict_seconds": 0.144123}