{"fit_seconds": 0.781746, "predict_seconds": 0.111025}