{"fit_seconds": 0.404042, "predict_seconds": 0.104024}