{"fit_seconds": 0.608745, "predict_seconds": 0.10332}