{"fit_seconds": 0.449187, "predict_seconds": 0.109025}