{"fit_seconds": 0.412093, "predict_seconds": 0.109025}