{"fit_seconds": 0.873285, "predict_seconds": 0.108282}