{"fit_seconds": 0.613129, "predict_seconds": 0.104909}