{"fit_seconds": 0.688766, "predict_seconds": 0.102024}