{"fit_seconds": 0.490198, "predict_seconds": 0.099021}