{"fit_seconds": 0.681121, "predict_seconds": 0.106024}