{"fit_seconds": 0.853787, "predict_seconds": 0.100023}