{"fit_seconds": 0.859762, "predict_seconds": 0.09899}