{"fit_seconds": 0.896287, "predict_seconds": 0.105494}