{"fit_seconds": 0.412088, "predict_seconds": 0.099022}