{"fit_seconds": 0.944468, "predict_seconds": 0.098533}