{"fit_seconds": 0.416994, "predict_seconds": 0.103023}