{"fit_seconds": 0.426701, "predict_seconds": 0.105123}