{"fit_seconds": 0.485711, "predict_seconds": 0.100997}