{"fit_seconds": 0.447196, "predict_seconds": 0.109024}