{"fit_seconds": 0.598375, "predict_seconds": 0.102893}