{"fit_seconds": 0.774372, "predict_seconds": 0.107024}