{"fit_seconds": 0.417053, "predict_seconds": 0.105024}