{"fit_seconds": 0.685797, "predict_seconds": 0.098023}