{"fit_seconds": 0.605225, "predict_seconds": 0.10128}