{"fit_seconds": 0.413094, "predict_seconds": 0.104485}