{"fit_seconds": 0.590226, "predict_seconds": 0.098965}