{"fit_seconds": 0.499705, "predict_seconds": 0.100023}