{"fit_seconds": 0.410184, "predict_seconds": 0.100022}