{"fit_seconds": 0.411092, "predict_seconds": 0.103024}