{"fit_seconds": 1.290993, "predict_seconds": 0.105427}