{"fit_seconds": 0.431097, "predict_seconds": 0.137439}