{"fit_seconds": 0.781251, "predict_seconds": 0.106024}