{"fit_seconds": 0.427183, "predict_seconds": 0.101023}