{"fit_seconds": 0.595655, "predict_seconds": 0.104023}