{"fit_seconds": 0.838171, "predict_seconds": 0.103027}