{"fit_seconds": 1.032926, "predict_seconds": 0.108025}