{"fit_seconds": 0.861339, "predict_seconds": 0.099025}