{"fit_seconds": 0.410175, "predict_seconds": 0.098785}