{"fit_seconds": 0.587731, "predict_seconds": 0.098215}