{"fit_seconds": 0.410632, "predict_seconds": 0.09823}