{"fit_seconds": 0.669747, "predict_seconds": 0.124029}