{"fit_seconds": 0.498727, "predict_seconds": 0.097022}