{"fit_seconds": 0.429096, "predict_seconds": 0.104441}