{"fit_seconds": 1.038415, "predict_seconds": 0.105024}