{"fit_seconds": 0.509922, "predict_seconds": 0.107024}