{"fit_seconds": 0.410171, "predict_seconds": 0.099108}