{"fit_seconds": 0.601322, "predict_seconds": 0.103023}