{"fit_seconds": 0.430183, "predict_seconds": 0.27074}