{"fit_seconds": 1.061225, "predict_seconds": 0.105023}