{"fit_seconds": 0.589585, "predict_seconds": 0.097503}