{"fit_seconds": 0.684986, "predict_seconds": 0.106023}