{"fit_seconds": 0.51616, "predict_seconds": 0.104023}