{"fit_seconds": 0.597364, "predict_seconds": 0.108372}