{"fit_seconds": 1.580534, "predict_seconds": 0.105012}