{"fit_seconds": 0.425588, "predict_seconds": 0.109122}