{"fit_seconds": 0.505896, "predict_seconds": 0.100023}