{"fit_seconds": 0.598176, "predict_seconds": 0.106024}