{"fit_seconds": 0.694154, "predict_seconds": 0.108617}