{"fit_seconds": 0.422194, "predict_seconds": 0.099743}