{"fit_seconds": 0.499153, "predict_seconds": 0.108024}