{"fit_seconds": 0.592222, "predict_seconds": 0.107215}