{"fit_seconds": 0.675096, "predict_seconds": 0.100023}