{"fit_seconds": 0.412185, "predict_seconds": 0.105443}