{"fit_seconds": 0.609752, "predict_seconds": 0.103033}