{"fit_seconds": 0.583641, "predict_seconds": 0.105024}