{"fit_seconds": 0.583208, "predict_seconds": 0.098022}