{"fit_seconds": 0.49216, "predict_seconds": 0.096021}