{"fit_seconds": 1.033322, "predict_seconds": 0.099022}