{"fit_seconds": 0.785333, "predict_seconds": 0.103023}