{"fit_seconds": 0.427097, "predict_seconds": 0.101018}