{"fit_seconds": 0.687751, "predict_seconds": 0.105953}