{"fit_seconds": 0.498201, "predict_seconds": 0.099077}