{"fit_seconds": 0.504114, "predict_seconds": 0.106026}