{"fit_seconds": 0.601085, "predict_seconds": 0.106844}