{"fit_seconds": 0.418095, "predict_seconds": 0.104026}