{"fit_seconds": 0.957215, "predict_seconds": 0.104463}