{"fit_seconds": 0.865293, "predict_seconds": 0.102112}