{"fit_seconds": 0.410093, "predict_seconds": 0.105603}