{"fit_seconds": 0.402091, "predict_seconds": 0.102023}