{"fit_seconds": 0.415698, "predict_seconds": 0.102958}