{"fit_seconds": 0.406664, "predict_seconds": 0.100023}