{"fit_seconds": 0.412263, "predict_seconds": 0.107024}