{"fit_seconds": 0.415076, "predict_seconds": 0.102552}