{"fit_seconds": 0.415652, "predict_seconds": 0.107024}