{"fit_seconds": 0.415696, "predict_seconds": 0.105854}