{"fit_seconds": 0.399673, "predict_seconds": 0.097022}