{"fit_seconds": 0.442099, "predict_seconds": 0.096785}