{"fit_seconds": 0.419094, "predict_seconds": 0.099023}