{"fit_seconds": 0.409884, "predict_seconds": 0.102023}