{"fit_seconds": 0.416785, "predict_seconds": 0.105313}