{"fit_seconds": 0.593121, "predict_seconds": 0.102023}