{"fit_seconds": 0.592648, "predict_seconds": 0.107138}