{"fit_seconds": 0.504839, "predict_seconds": 0.109025}