{"fit_seconds": 0.425685, "predict_seconds": 0.105519}