{"fit_seconds": 0.406696, "predict_seconds": 0.101023}