{"fit_seconds": 0.411268, "predict_seconds": 0.101945}