{"fit_seconds": 0.596136, "predict_seconds": 0.10553}