{"fit_seconds": 0.419191, "predict_seconds": 0.117027}