{"fit_seconds": 0.680259, "predict_seconds": 0.095553}