{"fit_seconds": 0.437099, "predict_seconds": 0.105024}