{"fit_seconds": 0.755456, "predict_seconds": 0.099109}