{"fit_seconds": 0.428159, "predict_seconds": 0.101488}