{"fit_seconds": 0.574991, "predict_seconds": 0.098022}