{"fit_seconds": 0.586926, "predict_seconds": 0.107975}