{"fit_seconds": 0.588226, "predict_seconds": 0.096111}