{"fit_seconds": 0.41166, "predict_seconds": 0.100024}