{"fit_seconds": 0.403091, "predict_seconds": 0.100988}