{"fit_seconds": 0.411598, "predict_seconds": 0.097022}