{"fit_seconds": 0.555714, "predict_seconds": 0.10386}