{"fit_seconds": 0.505113, "predict_seconds": 0.103023}