{"fit_seconds": 0.409202, "predict_seconds": 0.102022}