{"fit_seconds": 0.59124, "predict_seconds": 0.106024}