{"fit_seconds": 0.413189, "predict_seconds": 0.102809}