{"fit_seconds": 0.414093, "predict_seconds": 0.103023}