{"fit_seconds": 0.40709, "predict_seconds": 0.106633}