{"fit_seconds": 0.425185, "predict_seconds": 0.106023}