{"fit_seconds": 0.506676, "predict_seconds": 0.134031}