{"fit_seconds": 0.509306, "predict_seconds": 0.104023}