{"fit_seconds": 0.514861, "predict_seconds": 0.109024}