{"fit_seconds": 0.679154, "predict_seconds": 0.107175}