{"fit_seconds": 0.590819, "predict_seconds": 0.097023}