{"fit_seconds": 0.784261, "predict_seconds": 0.103855}