{"fit_seconds": 0.405755, "predict_seconds": 0.099023}