{"fit_seconds": 0.42435, "predict_seconds": 0.098647}