{"fit_seconds": 0.760543, "predict_seconds": 0.102022}