{"fit_seconds": 0.773509, "predict_seconds": 0.108024}