{"fit_seconds": 1.059095, "predict_seconds": 0.104035}