{"fit_seconds": 0.680413, "predict_seconds": 0.09929}