{"fit_seconds": 0.512078, "predict_seconds": 0.100134}