{"fit_seconds": 0.787292, "predict_seconds": 0.098252}