{"fit_seconds": 0.885347, "predict_seconds": 0.110025}