{"fit_seconds": 0.858355, "predict_seconds": 0.102023}