{"fit_seconds": 0.872373, "predict_seconds": 0.104916}