{"fit_seconds": 0.408177, "predict_seconds": 0.100633}