{"fit_seconds": 0.600264, "predict_seconds": 0.103532}