{"fit_seconds": 0.488191, "predict_seconds": 0.098119}