{"fit_seconds": 0.419689, "predict_seconds": 0.103023}