{"fit_seconds": 0.406176, "predict_seconds": 0.107699}