{"fit_seconds": 0.819731, "predict_seconds": 0.104399}