{"fit_seconds": 0.595133, "predict_seconds": 0.108199}