{"fit_seconds": 1.404915, "predict_seconds": 0.101023}