{"fit_seconds": 0.496656, "predict_seconds": 0.099114}