{"fit_seconds": 0.961828, "predict_seconds": 0.105939}