{"fit_seconds": 0.492101, "predict_seconds": 0.102023}