{"fit_seconds": 0.592224, "predict_seconds": 0.104287}