{"fit_seconds": 0.688184, "predict_seconds": 0.102643}