{"fit_seconds": 1.123031, "predict_seconds": 0.13603}