{"fit_seconds": 0.801829, "predict_seconds": 0.27015}