{"fit_seconds": 0.772112, "predict_seconds": 0.105114}