{"fit_seconds": 0.499716, "predict_seconds": 0.099862}