{"fit_seconds": 0.696325, "predict_seconds": 0.100022}