{"fit_seconds": 0.792227, "predict_seconds": 0.106023}