{"fit_seconds": 0.958192, "predict_seconds": 0.10912}