{"fit_seconds": 0.697245, "predict_seconds": 0.138031}