{"fit_seconds": 0.883165, "predict_seconds": 0.103385}