{"fit_seconds": 0.39619, "predict_seconds": 0.115027}