{"fit_seconds": 0.520117, "predict_seconds": 0.115026}