{"fit_seconds": 0.724323, "predict_seconds": 0.11506}