{"fit_seconds": 0.466197, "predict_seconds": 0.13203}