{"fit_seconds": 0.593643, "predict_seconds": 0.120028}