{"fit_seconds": 0.449196, "predict_seconds": 0.112676}