{"fit_seconds": 0.430096, "predict_seconds": 0.115485}