{"fit_seconds": 0.524557, "predict_seconds": 0.110499}