{"fit_seconds": 0.528193, "predict_seconds": 0.116027}