{"fit_seconds": 0.466042, "predict_seconds": 0.113004}