{"fit_seconds": 0.683359, "predict_seconds": 0.110145}