{"fit_seconds": 0.505112, "predict_seconds": 0.117339}