{"fit_seconds": 0.42206, "predict_seconds": 0.108374}