{"fit_seconds": 0.434164, "predict_seconds": 0.114452}