{"fit_seconds": 0.50929, "predict_seconds": 0.113025}