{"fit_seconds": 0.427096, "predict_seconds": 0.113025}