{"fit_seconds": 0.514166, "predict_seconds": 0.114026}