{"fit_seconds": 0.823593, "predict_seconds": 0.112026}