{"fit_seconds": 0.432289, "predict_seconds": 0.107842}