{"fit_seconds": 0.612521, "predict_seconds": 0.110024}