{"fit_seconds": 0.51691, "predict_seconds": 0.114026}