{"fit_seconds": 0.514717, "predict_seconds": 0.109025}