{"fit_seconds": 0.418171, "predict_seconds": 0.107479}