{"fit_seconds": 0.41719, "predict_seconds": 0.112481}