{"fit_seconds": 0.523092, "predict_seconds": 0.113025}