{"fit_seconds": 0.420095, "predict_seconds": 0.109691}