{"fit_seconds": 0.958342, "predict_seconds": 0.116091}