{"fit_seconds": 0.426687, "predict_seconds": 0.106354}