{"fit_seconds": 0.575129, "predict_seconds": 0.108566}