{"fit_seconds": 0.60125, "predict_seconds": 0.114827}