{"fit_seconds": 0.678348, "predict_seconds": 0.106902}