{"fit_seconds": 0.419199, "predict_seconds": 0.113025}