{"fit_seconds": 0.445099, "predict_seconds": 0.111027}