{"fit_seconds": 0.416094, "predict_seconds": 0.114731}