{"fit_seconds": 0.589735, "predict_seconds": 0.109025}