{"fit_seconds": 0.512905, "predict_seconds": 0.116027}