{"fit_seconds": 2.807524, "predict_seconds": 0.15167}