{"fit_seconds": 0.432058, "predict_seconds": 0.109025}