{"fit_seconds": 0.614236, "predict_seconds": 0.113026}