{"fit_seconds": 1.305485, "predict_seconds": 0.10797}