{"fit_seconds": 0.519073, "predict_seconds": 0.113263}