{"fit_seconds": 0.436184, "predict_seconds": 0.111883}