{"fit_seconds": 0.423685, "predict_seconds": 0.124811}