{"fit_seconds": 0.791181, "predict_seconds": 0.114468}