{"fit_seconds": 0.422096, "predict_seconds": 0.11632}