{"fit_seconds": 0.420189, "predict_seconds": 0.113454}