{"fit_seconds": 0.589229, "predict_seconds": 0.117026}