{"fit_seconds": 0.602136, "predict_seconds": 0.108024}