{"fit_seconds": 0.437098, "predict_seconds": 0.113026}