{"fit_seconds": 0.411093, "predict_seconds": 0.108898}