{"fit_seconds": 0.412794, "predict_seconds": 0.109529}