{"fit_seconds": 0.439993, "predict_seconds": 0.112025}