{"fit_seconds": 0.423096, "predict_seconds": 0.112631}