{"fit_seconds": 0.514863, "predict_seconds": 0.114026}