{"fit_seconds": 0.591212, "predict_seconds": 0.112025}