{"fit_seconds": 0.616723, "predict_seconds": 0.116026}