{"fit_seconds": 0.564127, "predict_seconds": 0.114265}