{"fit_seconds": 0.517188, "predict_seconds": 0.113025}