{"fit_seconds": 0.498197, "predict_seconds": 0.112098}