{"fit_seconds": 0.409092, "predict_seconds": 0.110561}