{"fit_seconds": 0.434702, "predict_seconds": 0.109472}