{"fit_seconds": 0.859195, "predict_seconds": 0.110296}