{"fit_seconds": 0.712159, "predict_seconds": 0.114026}