{"fit_seconds": 0.429876, "predict_seconds": 0.106372}