{"fit_seconds": 0.689247, "predict_seconds": 0.115026}