{"fit_seconds": 0.417695, "predict_seconds": 0.112579}