{"fit_seconds": 0.971766, "predict_seconds": 0.109275}