{"fit_seconds": 0.51776, "predict_seconds": 0.113026}