{"fit_seconds": 0.545123, "predict_seconds": 0.117026}