{"fit_seconds": 0.788877, "predict_seconds": 0.11512}