{"fit_seconds": 0.787885, "predict_seconds": 0.111028}