{"fit_seconds": 0.592833, "predict_seconds": 0.115026}