{"fit_seconds": 0.416093, "predict_seconds": 0.11193}