{"fit_seconds": 0.444344, "predict_seconds": 0.148033}