{"fit_seconds": 0.439138, "predict_seconds": 0.114026}