{"fit_seconds": 0.507347, "predict_seconds": 0.113025}