{"fit_seconds": 0.420094, "predict_seconds": 0.109495}