{"fit_seconds": 1.030918, "predict_seconds": 0.111024}