{"fit_seconds": 0.623228, "predict_seconds": 0.111587}