{"fit_seconds": 0.442192, "predict_seconds": 0.111699}