{"fit_seconds": 0.519145, "predict_seconds": 0.116026}