{"fit_seconds": 0.57513, "predict_seconds": 0.116113}